wav48/p304/p304_418| 
wav48/p313/p313_095| 
wav48/p297/p297_126| 
wav48/p249/p249_116| 
wav48/p316/p316_387| 
wav48/p229/p229_316| 
wav48/p304/p304_125| 
wav48/p304/p304_240| 
wav48/p323/p323_290| 
wav48/p313/p313_062| 
wav48/p297/p297_267| 
wav48/p297/p297_421| 
wav48/p229/p229_148| 
wav48/p301/p301_337| 
wav48/p229/p229_003| 
wav48/p304/p304_221| 
wav48/p301/p301_286| 
wav48/p313/p313_025| 
wav48/p251/p251_334| 
wav48/p316/p316_111| 
wav48/p323/p323_019| 
wav48/p293/p293_182| 
wav48/p293/p293_381| 
wav48/p304/p304_032| 
wav48/p374/p374_233| 
wav48/p229/p229_314| 
wav48/p304/p304_140| 
wav48/p316/p316_255| 
wav48/p316/p316_082| 
wav48/p249/p249_230| 
wav48/p249/p249_117| 
wav48/p251/p251_208| 
wav48/p297/p297_374| 
wav48/p229/p229_189| 
wav48/p316/p316_169| 
wav48/p304/p304_202| 
wav48/p316/p316_250| 
wav48/p323/p323_286| 
wav48/p374/p374_092| 
wav48/p229/p229_033| 
wav48/p297/p297_040| 
wav48/p323/p323_070| 
wav48/p323/p323_364| 
wav48/p251/p251_056| 
wav48/p374/p374_258| 
wav48/p297/p297_249| 
wav48/p316/p316_146| 
wav48/p293/p293_061| 
wav48/p301/p301_003| 
wav48/p323/p323_173| 
wav48/p374/p374_085| 
wav48/p313/p313_355| 
wav48/p301/p301_356| 
wav48/p304/p304_263| 
wav48/p297/p297_206| 
wav48/p313/p313_197| 
wav48/p316/p316_287| 
wav48/p304/p304_179| 
wav48/p301/p301_033| 
wav48/p323/p323_289| 
wav48/p301/p301_388| 
wav48/p304/p304_151| 
wav48/p304/p304_350| 
wav48/p316/p316_293| 
wav48/p323/p323_118| 
wav48/p323/p323_391| 
wav48/p323/p323_155| 
wav48/p249/p249_212| 
wav48/p293/p293_288| 
wav48/p297/p297_272| 
wav48/p316/p316_058| 
wav48/p304/p304_276| 
wav48/p297/p297_191| 
wav48/p249/p249_138| 
wav48/p323/p323_408| 
wav48/p304/p304_390| 
wav48/p297/p297_111| 
wav48/p297/p297_413| 
wav48/p293/p293_153| 
wav48/p297/p297_007| 
wav48/p293/p293_098| 
wav48/p313/p313_315| 
wav48/p313/p313_133| 
wav48/p313/p313_065| 
wav48/p229/p229_052| 
wav48/p229/p229_128| 
wav48/p304/p304_395| 
wav48/p374/p374_028| 
wav48/p301/p301_027| 
wav48/p251/p251_167| 
wav48/p297/p297_013| 
wav48/p374/p374_026| 
wav48/p374/p374_293| 
wav48/p293/p293_349| 
wav48/p297/p297_194| 
wav48/p293/p293_169| 
wav48/p251/p251_166| 
wav48/p251/p251_005| 
wav48/p313/p313_257| 
wav48/p313/p313_195| 
wav48/p316/p316_336| 
wav48/p316/p316_219| 
wav48/p229/p229_389| 
wav48/p293/p293_155| 
wav48/p323/p323_279| 
wav48/p297/p297_401| 
wav48/p374/p374_192| 
wav48/p293/p293_059| 
wav48/p293/p293_156| 
wav48/p251/p251_161| 
wav48/p323/p323_060| 
wav48/p301/p301_080| 
wav48/p374/p374_021| 
wav48/p251/p251_133| 
wav48/p304/p304_420| 
wav48/p229/p229_288| 
wav48/p297/p297_024| 
wav48/p251/p251_201| 
wav48/p374/p374_035| 
wav48/p304/p304_048| 
wav48/p293/p293_141| 
wav48/p251/p251_149| 
wav48/p229/p229_175| 
wav48/p323/p323_373| 
wav48/p297/p297_163| 
wav48/p301/p301_293| 
wav48/p304/p304_329| 
wav48/p293/p293_305| 
wav48/p316/p316_389| 
wav48/p297/p297_240| 
wav48/p323/p323_400| 
wav48/p229/p229_219| 
wav48/p304/p304_364| 
wav48/p304/p304_249| 
wav48/p304/p304_159| 
wav48/p313/p313_393| 
wav48/p301/p301_321| 
wav48/p251/p251_360| 
wav48/p316/p316_183| 
wav48/p304/p304_400| 
wav48/p316/p316_400| 
wav48/p323/p323_348| 
wav48/p304/p304_175| 
wav48/p249/p249_180| 
wav48/p297/p297_106| 
wav48/p293/p293_372| 
wav48/p323/p323_111| 
wav48/p304/p304_275| 
wav48/p304/p304_170| 
wav48/p249/p249_293| 
wav48/p313/p313_167| 
wav48/p249/p249_092| 
wav48/p313/p313_316| 
wav48/p323/p323_086| 
wav48/p251/p251_004| 
wav48/p251/p251_336| 
wav48/p316/p316_371| 
wav48/p293/p293_002| 
wav48/p374/p374_376| 
wav48/p313/p313_413| 
wav48/p249/p249_245| 
wav48/p301/p301_187| 
wav48/p251/p251_039| 
wav48/p316/p316_167| 
wav48/p293/p293_228| 
wav48/p301/p301_335| 
wav48/p301/p301_409| 
wav48/p323/p323_361| 
wav48/p297/p297_363| 
wav48/p297/p297_053| 
wav48/p229/p229_226| 
wav48/p293/p293_249| 
wav48/p316/p316_269| 
wav48/p293/p293_092| 
wav48/p374/p374_043| 
wav48/p313/p313_188| 
wav48/p304/p304_134| 
wav48/p323/p323_020| 
wav48/p297/p297_255| 
wav48/p249/p249_220| 
wav48/p323/p323_069| 
wav48/p313/p313_045| 
wav48/p374/p374_060| 
wav48/p229/p229_244| 
wav48/p323/p323_143| 
wav48/p304/p304_303| 
wav48/p251/p251_011| 
wav48/p316/p316_367| 
wav48/p304/p304_387| 
wav48/p323/p323_360| 
wav48/p313/p313_345| 
wav48/p313/p313_331| 
wav48/p293/p293_360| 
wav48/p316/p316_123| 
wav48/p316/p316_197| 
wav48/p316/p316_200| 
wav48/p304/p304_353| 
wav48/p323/p323_068| 
wav48/p304/p304_023| 
wav48/p304/p304_416| 
wav48/p229/p229_308| 
wav48/p293/p293_227| 
wav48/p304/p304_132| 
wav48/p251/p251_309| 
wav48/p323/p323_149| 
wav48/p313/p313_373| 
wav48/p304/p304_338| 
wav48/p301/p301_157| 
wav48/p297/p297_210| 
wav48/p229/p229_111| 
wav48/p251/p251_193| 
wav48/p249/p249_099| 
wav48/p304/p304_117| 
wav48/p301/p301_219| 
wav48/p374/p374_024| 
wav48/p301/p301_158| 
wav48/p249/p249_273| 
wav48/p313/p313_231| 
wav48/p229/p229_199| 
wav48/p249/p249_263| 
wav48/p323/p323_365| 
wav48/p323/p323_023| 
wav48/p297/p297_037| 
wav48/p229/p229_053| 
wav48/p304/p304_081| 
wav48/p229/p229_213| 
wav48/p251/p251_070| 
wav48/p249/p249_101| 
wav48/p301/p301_364| 
wav48/p301/p301_032| 
wav48/p313/p313_303| 
wav48/p293/p293_036| 
wav48/p323/p323_415| 
wav48/p249/p249_252| 
wav48/p251/p251_346| 
wav48/p316/p316_154| 
wav48/p304/p304_163| 
wav48/p323/p323_207| 
wav48/p323/p323_239| 
wav48/p301/p301_144| 
wav48/p249/p249_181| 
wav48/p374/p374_123| 
wav48/p301/p301_061| 
wav48/p323/p323_106| 
wav48/p229/p229_090| 
wav48/p301/p301_095| 
wav48/p316/p316_010| 
wav48/p229/p229_187| 
wav48/p304/p304_409| 
wav48/p249/p249_080| 
wav48/p304/p304_396| 
wav48/p297/p297_130| 
wav48/p249/p249_062| 
wav48/p374/p374_260| 
wav48/p323/p323_328| 
wav48/p249/p249_321| 
wav48/p251/p251_157| 
wav48/p229/p229_386| 
wav48/p316/p316_209| 
wav48/p297/p297_025| 
wav48/p374/p374_299| 
wav48/p323/p323_395| 
wav48/p313/p313_184| 
wav48/p249/p249_141| 
wav48/p313/p313_032| 
wav48/p313/p313_409| 
wav48/p374/p374_227| 
wav48/p297/p297_048| 
wav48/p297/p297_147| 
wav48/p297/p297_340| 
wav48/p293/p293_151| 
wav48/p229/p229_145| 
wav48/p323/p323_113| 
wav48/p251/p251_369| 
wav48/p316/p316_333| 
wav48/p304/p304_169| 
wav48/p374/p374_242| 
wav48/p251/p251_191| 
wav48/p304/p304_200| 
wav48/p251/p251_075| 
wav48/p313/p313_092| 
wav48/p249/p249_280| 
wav48/p229/p229_080| 
wav48/p293/p293_377| 
wav48/p297/p297_121| 
wav48/p293/p293_270| 
wav48/p301/p301_143| 
wav48/p297/p297_315| 
wav48/p229/p229_362| 
wav48/p229/p229_289| 
wav48/p249/p249_187| 
wav48/p316/p316_329| 
wav48/p229/p229_075| 
wav48/p297/p297_086| 
wav48/p313/p313_384| 
wav48/p251/p251_081| 
wav48/p251/p251_221| 
wav48/p297/p297_409| 
wav48/p251/p251_136| 
wav48/p323/p323_230| 
wav48/p251/p251_053| 
wav48/p251/p251_043| 
wav48/p229/p229_088| 
wav48/p229/p229_331| 
wav48/p301/p301_393| 
wav48/p374/p374_034| 
wav48/p229/p229_379| 
wav48/p297/p297_171| 
wav48/p229/p229_139| 
wav48/p313/p313_277| 
wav48/p293/p293_264| 
wav48/p229/p229_234| 
wav48/p374/p374_249| 
wav48/p313/p313_308| 
wav48/p374/p374_187| 
wav48/p251/p251_249| 
wav48/p293/p293_184| 
wav48/p297/p297_004| 
wav48/p313/p313_085| 
wav48/p293/p293_018| 
wav48/p323/p323_378| 
wav48/p374/p374_331| 
wav48/p316/p316_237| 
wav48/p374/p374_390| 
wav48/p249/p249_344| 
wav48/p293/p293_013| 
wav48/p374/p374_377| 
wav48/p229/p229_020| 
wav48/p249/p249_305| 
wav48/p249/p249_265| 
wav48/p297/p297_411| 
wav48/p374/p374_114| 
wav48/p304/p304_007| 
wav48/p301/p301_360| 
wav48/p374/p374_082| 
wav48/p293/p293_082| 
wav48/p304/p304_417| 
wav48/p293/p293_040| 
wav48/p316/p316_344| 
wav48/p229/p229_016| 
wav48/p374/p374_030| 
wav48/p323/p323_169| 
wav48/p251/p251_252| 
wav48/p313/p313_169| 
wav48/p316/p316_184| 
wav48/p249/p249_133| 
wav48/p301/p301_173| 
wav48/p249/p249_035| 
wav48/p251/p251_300| 
wav48/p316/p316_155| 
wav48/p316/p316_103| 
wav48/p301/p301_278| 
wav48/p229/p229_286| 
wav48/p297/p297_115| 
wav48/p374/p374_048| 
wav48/p229/p229_130| 
wav48/p374/p374_025| 
wav48/p297/p297_200| 
wav48/p297/p297_292| 
wav48/p297/p297_023| 
wav48/p316/p316_018| 
wav48/p293/p293_340| 
wav48/p293/p293_189| 
wav48/p297/p297_011| 
wav48/p316/p316_013| 
wav48/p301/p301_387| 
wav48/p297/p297_123| 
wav48/p323/p323_055| 
wav48/p304/p304_001| 
wav48/p323/p323_080| 
wav48/p301/p301_373| 
wav48/p323/p323_351| 
wav48/p316/p316_008| 
wav48/p323/p323_339| 
wav48/p249/p249_290| 
wav48/p297/p297_228| 
wav48/p229/p229_273| 
wav48/p297/p297_112| 
wav48/p374/p374_104| 
wav48/p293/p293_122| 
wav48/p304/p304_339| 
wav48/p251/p251_126| 
wav48/p301/p301_024| 
wav48/p229/p229_266| 
wav48/p297/p297_243| 
wav48/p304/p304_019| 
wav48/p293/p293_246| 
wav48/p316/p316_416| 
wav48/p323/p323_163| 
wav48/p304/p304_337| 
wav48/p316/p316_325| 
wav48/p374/p374_245| 
wav48/p301/p301_002| 
wav48/p297/p297_108| 
wav48/p316/p316_327| 
wav48/p323/p323_388| 
wav48/p316/p316_410| 
wav48/p229/p229_046| 
wav48/p323/p323_305| 
wav48/p249/p249_112| 
wav48/p297/p297_276| 
wav48/p316/p316_172| 
wav48/p323/p323_367| 
wav48/p313/p313_234| 
wav48/p293/p293_011| 
wav48/p301/p301_140| 
wav48/p229/p229_109| 
wav48/p297/p297_238| 
wav48/p229/p229_307| 
wav48/p323/p323_295| 
wav48/p301/p301_198| 
wav48/p251/p251_128| 
wav48/p249/p249_139| 
wav48/p249/p249_012| 
wav48/p301/p301_397| 
wav48/p301/p301_116| 
wav48/p313/p313_104| 
wav48/p229/p229_103| 
wav48/p297/p297_102| 
wav48/p301/p301_101| 
wav48/p374/p374_071| 
wav48/p374/p374_070| 
wav48/p229/p229_150| 
wav48/p229/p229_034| 
wav48/p313/p313_012| 
wav48/p249/p249_026| 
wav48/p323/p323_314| 
wav48/p316/p316_147| 
wav48/p229/p229_228| 
wav48/p249/p249_011| 
wav48/p316/p316_153| 
wav48/p301/p301_287| 
wav48/p304/p304_345| 
wav48/p301/p301_062| 
wav48/p251/p251_112| 
wav48/p301/p301_372| 
wav48/p374/p374_107| 
wav48/p297/p297_095| 
wav48/p323/p323_270| 
wav48/p323/p323_301| 
wav48/p374/p374_169| 
wav48/p323/p323_300| 
wav48/p251/p251_117| 
wav48/p316/p316_121| 
wav48/p323/p323_247| 
wav48/p229/p229_318| 
wav48/p304/p304_073| 
wav48/p229/p229_098| 
wav48/p316/p316_012| 
wav48/p297/p297_101| 
wav48/p374/p374_164| 
wav48/p316/p316_053| 
wav48/p316/p316_252| 
wav48/p374/p374_280| 
wav48/p301/p301_226| 
wav48/p374/p374_386| 
wav48/p323/p323_075| 
wav48/p304/p304_267| 
wav48/p293/p293_084| 
wav48/p297/p297_282| 
wav48/p313/p313_071| 
wav48/p297/p297_029| 
wav48/p323/p323_154| 
wav48/p293/p293_004| 
wav48/p249/p249_200| 
wav48/p304/p304_372| 
wav48/p374/p374_239| 
wav48/p301/p301_162| 
wav48/p323/p323_334| 
wav48/p293/p293_238| 
wav48/p293/p293_101| 
wav48/p251/p251_028| 
wav48/p249/p249_077| 
wav48/p304/p304_359| 
wav48/p313/p313_351| 
wav48/p323/p323_246| 
wav48/p304/p304_412| 
wav48/p249/p249_113| 
wav48/p316/p316_043| 
wav48/p313/p313_304| 
wav48/p374/p374_397| 
wav48/p229/p229_040| 
wav48/p301/p301_250| 
wav48/p316/p316_316| 
wav48/p251/p251_340| 
wav48/p293/p293_100| 
wav48/p301/p301_338| 
wav48/p249/p249_275| 
wav48/p251/p251_242| 
wav48/p316/p316_207| 
wav48/p249/p249_021| 
wav48/p374/p374_319| 
wav48/p313/p313_229| 
wav48/p297/p297_217| 
wav48/p301/p301_234| 
wav48/p301/p301_279| 
wav48/p316/p316_007| 
wav48/p249/p249_257| 
wav48/p249/p249_160| 
wav48/p323/p323_299| 
wav48/p313/p313_164| 
wav48/p249/p249_249| 
wav48/p374/p374_388| 
wav48/p304/p304_123| 
wav48/p251/p251_055| 
wav48/p301/p301_402| 
wav48/p297/p297_212| 
wav48/p301/p301_392| 
wav48/p229/p229_280| 
wav48/p323/p323_006| 
wav48/p304/p304_219| 
wav48/p249/p249_302| 
wav48/p297/p297_265| 
wav48/p313/p313_312| 
wav48/p316/p316_198| 
wav48/p323/p323_040| 
wav48/p374/p374_128| 
wav48/p229/p229_048| 
wav48/p304/p304_321| 
wav48/p251/p251_194| 
wav48/p293/p293_315| 
wav48/p304/p304_243| 
wav48/p304/p304_234| 
wav48/p229/p229_094| 
wav48/p293/p293_137| 
wav48/p297/p297_187| 
wav48/p293/p293_242| 
wav48/p323/p323_200| 
wav48/p304/p304_381| 
wav48/p304/p304_272| 
wav48/p313/p313_048| 
wav48/p229/p229_205| 
wav48/p293/p293_258| 
wav48/p374/p374_340| 
wav48/p297/p297_420| 
wav48/p301/p301_009| 
wav48/p251/p251_329| 
wav48/p249/p249_309| 
wav48/p316/p316_405| 
wav48/p323/p323_215| 
wav48/p313/p313_053| 
wav48/p297/p297_088| 
wav48/p251/p251_295| 
wav48/p304/p304_100| 
wav48/p293/p293_162| 
wav48/p323/p323_172| 
wav48/p323/p323_234| 
wav48/p229/p229_335| 
wav48/p301/p301_092| 
wav48/p297/p297_139| 
wav48/p297/p297_060| 
wav48/p251/p251_305| 
wav48/p374/p374_047| 
wav48/p301/p301_375| 
wav48/p374/p374_046| 
wav48/p293/p293_279| 
wav48/p313/p313_410| 
wav48/p304/p304_365| 
wav48/p304/p304_079| 
wav48/p251/p251_033| 
wav48/p301/p301_021| 
wav48/p301/p301_093| 
wav48/p297/p297_020| 
wav48/p316/p316_263| 
wav48/p304/p304_346| 
wav48/p229/p229_369| 
wav48/p297/p297_242| 
wav48/p316/p316_055| 
wav48/p297/p297_070| 
wav48/p297/p297_019| 
wav48/p374/p374_321| 
wav48/p323/p323_248| 
wav48/p374/p374_002| 
wav48/p304/p304_003| 
wav48/p313/p313_283| 
wav48/p249/p249_241| 
wav48/p251/p251_231| 
wav48/p323/p323_104| 
wav48/p313/p313_130| 
wav48/p304/p304_204| 
wav48/p316/p316_001| 
wav48/p229/p229_160| 
wav48/p313/p313_069| 
wav48/p313/p313_145| 
wav48/p249/p249_016| 
wav48/p297/p297_014| 
wav48/p297/p297_291| 
wav48/p301/p301_381| 
wav48/p316/p316_139| 
wav48/p293/p293_399| 
wav48/p297/p297_419| 
wav48/p316/p316_348| 
wav48/p249/p249_161| 
wav48/p374/p374_202| 
wav48/p313/p313_196| 
wav48/p323/p323_033| 
wav48/p323/p323_287| 
wav48/p304/p304_265| 
wav48/p301/p301_223| 
wav48/p297/p297_067| 
wav48/p249/p249_216| 
wav48/p374/p374_271| 
wav48/p251/p251_159| 
wav48/p251/p251_196| 
wav48/p316/p316_099| 
wav48/p249/p249_002| 
wav48/p323/p323_254| 
wav48/p301/p301_411| 
wav48/p251/p251_168| 
wav48/p313/p313_348| 
wav48/p374/p374_328| 
wav48/p251/p251_129| 
wav48/p251/p251_362| 
wav48/p297/p297_306| 
wav48/p229/p229_027| 
wav48/p374/p374_314| 
wav48/p301/p301_035| 
wav48/p313/p313_332| 
wav48/p297/p297_337| 
wav48/p229/p229_387| 
wav48/p304/p304_260| 
wav48/p374/p374_165| 
wav48/p313/p313_371| 
wav48/p313/p313_142| 
wav48/p301/p301_034| 
wav48/p249/p249_174| 
wav48/p323/p323_347| 
wav48/p301/p301_357| 
wav48/p297/p297_415| 
wav48/p323/p323_037| 
wav48/p297/p297_377| 
wav48/p304/p304_061| 
wav48/p297/p297_345| 
wav48/p301/p301_148| 
wav48/p304/p304_099| 
wav48/p374/p374_301| 
wav48/p301/p301_120| 
wav48/p293/p293_158| 
wav48/p323/p323_102| 
wav48/p229/p229_138| 
wav48/p313/p313_144| 
wav48/p304/p304_181| 
wav48/p229/p229_142| 
wav48/p313/p313_334| 
wav48/p249/p249_093| 
wav48/p316/p316_382| 
wav48/p313/p313_049| 
wav48/p293/p293_028| 
wav48/p251/p251_084| 
wav48/p293/p293_069| 
wav48/p323/p323_048| 
wav48/p251/p251_010| 
wav48/p316/p316_401| 
wav48/p323/p323_192| 
wav48/p323/p323_263| 
wav48/p313/p313_356| 
wav48/p316/p316_216| 
wav48/p316/p316_356| 
wav48/p323/p323_099| 
wav48/p251/p251_012| 
wav48/p374/p374_050| 
wav48/p374/p374_159| 
wav48/p316/p316_308| 
wav48/p313/p313_203| 
wav48/p229/p229_082| 
wav48/p301/p301_367| 
wav48/p301/p301_215| 
wav48/p297/p297_135| 
wav48/p229/p229_263| 
wav48/p323/p323_146| 
wav48/p304/p304_224| 
wav48/p293/p293_181| 
wav48/p301/p301_263| 
wav48/p297/p297_125| 
wav48/p229/p229_237| 
wav48/p249/p249_310| 
wav48/p249/p249_131| 
wav48/p293/p293_196| 
wav48/p304/p304_156| 
wav48/p301/p301_276| 
wav48/p251/p251_100| 
wav48/p251/p251_098| 
wav48/p323/p323_202| 
wav48/p249/p249_244| 
wav48/p323/p323_214| 
wav48/p316/p316_170| 
wav48/p249/p249_351| 
wav48/p249/p249_234| 
wav48/p301/p301_323| 
wav48/p229/p229_215| 
wav48/p293/p293_049| 
wav48/p374/p374_220| 
wav48/p316/p316_288| 
wav48/p323/p323_197| 
wav48/p249/p249_094| 
wav48/p297/p297_328| 
wav48/p229/p229_045| 
wav48/p313/p313_161| 
wav48/p229/p229_063| 
wav48/p249/p249_100| 
wav48/p249/p249_108| 
wav48/p293/p293_052| 
wav48/p304/p304_323| 
wav48/p301/p301_136| 
wav48/p313/p313_422| 
wav48/p251/p251_131| 
wav48/p313/p313_370| 
wav48/p313/p313_122| 
wav48/p297/p297_239| 
wav48/p293/p293_088| 
wav48/p304/p304_422| 
wav48/p297/p297_047| 
wav48/p304/p304_289| 
wav48/p323/p323_352| 
wav48/p229/p229_232| 
wav48/p316/p316_239| 
wav48/p323/p323_120| 
wav48/p304/p304_029| 
wav48/p249/p249_045| 
wav48/p313/p313_074| 
wav48/p229/p229_012| 
wav48/p313/p313_070| 
wav48/p323/p323_368| 
wav48/p301/p301_193| 
wav48/p323/p323_008| 
wav48/p323/p323_135| 
wav48/p301/p301_281| 
wav48/p316/p316_042| 
wav48/p251/p251_107| 
wav48/p374/p374_363| 
wav48/p323/p323_294| 
wav48/p316/p316_399| 
wav48/p304/p304_070| 
wav48/p316/p316_107| 
wav48/p316/p316_072| 
wav48/p313/p313_311| 
wav48/p313/p313_091| 
wav48/p323/p323_280| 
wav48/p316/p316_116| 
wav48/p313/p313_396| 
wav48/p313/p313_137| 
wav48/p316/p316_148| 
wav48/p297/p297_008| 
wav48/p229/p229_140| 
wav48/p251/p251_185| 
wav48/p297/p297_263| 
wav48/p323/p323_182| 
wav48/p316/p316_236| 
wav48/p293/p293_277| 
wav48/p293/p293_240| 
wav48/p313/p313_193| 
wav48/p374/p374_275| 
wav48/p304/p304_188| 
wav48/p249/p249_301| 
wav48/p297/p297_057| 
wav48/p316/p316_286| 
wav48/p297/p297_050| 
wav48/p249/p249_084| 
wav48/p304/p304_042| 
wav48/p301/p301_309| 
wav48/p323/p323_078| 
wav48/p304/p304_121| 
wav48/p229/p229_388| 
wav48/p323/p323_003| 
wav48/p323/p323_376| 
wav48/p229/p229_303| 
wav48/p313/p313_222| 
wav48/p301/p301_317| 
wav48/p374/p374_182| 
wav48/p374/p374_116| 
wav48/p374/p374_237| 
wav48/p229/p229_371| 
wav48/p316/p316_379| 
wav48/p316/p316_298| 
wav48/p316/p316_022| 
wav48/p304/p304_269| 
wav48/p323/p323_156| 
wav48/p251/p251_235| 
wav48/p297/p297_143| 
wav48/p229/p229_015| 
wav48/p323/p323_095| 
wav48/p249/p249_156| 
wav48/p297/p297_026| 
wav48/p304/p304_129| 
wav48/p249/p249_115| 
wav48/p313/p313_059| 
wav48/p251/p251_224| 
wav48/p249/p249_038| 
wav48/p304/p304_160| 
wav48/p251/p251_328| 
wav48/p251/p251_181| 
wav48/p293/p293_263| 
wav48/p293/p293_234| 
wav48/p323/p323_030| 
wav48/p323/p323_403| 
wav48/p301/p301_128| 
wav48/p316/p316_194| 
wav48/p313/p313_398| 
wav48/p316/p316_418| 
wav48/p316/p316_396| 
wav48/p316/p316_202| 
wav48/p304/p304_182| 
wav48/p229/p229_115| 
wav48/p297/p297_334| 
wav48/p249/p249_169| 
wav48/p251/p251_320| 
wav48/p304/p304_254| 
wav48/p304/p304_355| 
wav48/p301/p301_304| 
wav48/p249/p249_184| 
wav48/p304/p304_380| 
wav48/p316/p316_273| 
wav48/p313/p313_008| 
wav48/p249/p249_096| 
wav48/p301/p301_289| 
wav48/p293/p293_215| 
wav48/p313/p313_317| 
wav48/p313/p313_174| 
wav48/p301/p301_159| 
wav48/p301/p301_300| 
wav48/p374/p374_247| 
wav48/p301/p301_305| 
wav48/p316/p316_145| 
wav48/p229/p229_100| 
wav48/p316/p316_019| 
wav48/p323/p323_372| 
wav48/p229/p229_101| 
wav48/p301/p301_218| 
wav48/p304/p304_147| 
wav48/p293/p293_108| 
wav48/p313/p313_207| 
wav48/p323/p323_018| 
wav48/p293/p293_304| 
wav48/p301/p301_333| 
wav48/p229/p229_176| 
wav48/p251/p251_022| 
wav48/p229/p229_195| 
wav48/p251/p251_091| 
wav48/p297/p297_412| 
wav48/p251/p251_217| 
wav48/p323/p323_164| 
wav48/p304/p304_020| 
wav48/p293/p293_341| 
wav48/p323/p323_272| 
wav48/p313/p313_094| 
wav48/p297/p297_347| 
wav48/p249/p249_129| 
wav48/p293/p293_336| 
wav48/p249/p249_109| 
wav48/p251/p251_015| 
wav48/p249/p249_337| 
wav48/p323/p323_331| 
wav48/p301/p301_203| 
wav48/p323/p323_237| 
wav48/p301/p301_178| 
wav48/p301/p301_023| 
wav48/p374/p374_231| 
wav48/p293/p293_035| 
wav48/p313/p313_215| 
wav48/p313/p313_228| 
wav48/p301/p301_345| 
wav48/p323/p323_219| 
wav48/p323/p323_201| 
wav48/p374/p374_214| 
wav48/p301/p301_139| 
wav48/p316/p316_412| 
wav48/p297/p297_100| 
wav48/p249/p249_271| 
wav48/p229/p229_258| 
wav48/p251/p251_215| 
wav48/p229/p229_146| 
wav48/p293/p293_318| 
wav48/p251/p251_280| 
wav48/p249/p249_296| 
wav48/p301/p301_156| 
wav48/p229/p229_120| 
wav48/p297/p297_348| 
wav48/p297/p297_181| 
wav48/p313/p313_020| 
wav48/p297/p297_280| 
wav48/p229/p229_200| 
wav48/p297/p297_400| 
wav48/p229/p229_037| 
wav48/p301/p301_011| 
wav48/p313/p313_272| 
wav48/p297/p297_418| 
wav48/p293/p293_006| 
wav48/p323/p323_349| 
wav48/p323/p323_421| 
wav48/p304/p304_227| 
wav48/p323/p323_121| 
wav48/p304/p304_166| 
wav48/p297/p297_042| 
wav48/p293/p293_379| 
wav48/p304/p304_245| 
wav48/p229/p229_007| 
wav48/p301/p301_371| 
wav48/p313/p313_058| 
wav48/p313/p313_411| 
wav48/p301/p301_316| 
wav48/p316/p316_128| 
wav48/p304/p304_385| 
wav48/p323/p323_354| 
wav48/p313/p313_325| 
wav48/p297/p297_395| 
wav48/p297/p297_277| 
wav48/p304/p304_178| 
wav48/p229/p229_227| 
wav48/p316/p316_404| 
wav48/p249/p249_024| 
wav48/p374/p374_178| 
wav48/p297/p297_173| 
wav48/p304/p304_016| 
wav48/p293/p293_188| 
wav48/p323/p323_255| 
wav48/p297/p297_119| 
wav48/p301/p301_111| 
wav48/p297/p297_087| 
wav48/p313/p313_362| 
wav48/p293/p293_172| 
wav48/p316/p316_299| 
wav48/p293/p293_220| 
wav48/p374/p374_184| 
wav48/p316/p316_177| 
wav48/p251/p251_337| 
wav48/p313/p313_041| 
wav48/p304/p304_141| 
wav48/p249/p249_052| 
wav48/p313/p313_310| 
wav48/p304/p304_342| 
wav48/p229/p229_262| 
wav48/p313/p313_273| 
wav48/p313/p313_073| 
wav48/p249/p249_003| 
wav48/p374/p374_353| 
wav48/p249/p249_203| 
wav48/p301/p301_231| 
wav48/p251/p251_024| 
wav48/p251/p251_026| 
wav48/p374/p374_190| 
wav48/p301/p301_260| 
wav48/p316/p316_208| 
wav48/p313/p313_118| 
wav48/p374/p374_378| 
wav48/p293/p293_256| 
wav48/p229/p229_323| 
wav48/p297/p297_299| 
wav48/p316/p316_388| 
wav48/p304/p304_168| 
wav48/p304/p304_135| 
wav48/p297/p297_382| 
wav48/p251/p251_017| 
wav48/p374/p374_044| 
wav48/p316/p316_277| 
wav48/p313/p313_406| 
wav48/p313/p313_394| 
wav48/p229/p229_229| 
wav48/p374/p374_013| 
wav48/p249/p249_123| 
wav48/p323/p323_401| 
wav48/p251/p251_095| 
wav48/p316/p316_060| 
wav48/p323/p323_223| 
wav48/p304/p304_167| 
wav48/p304/p304_370| 
wav48/p304/p304_347| 
wav48/p301/p301_146| 
wav48/p249/p249_124| 
wav48/p316/p316_267| 
wav48/p293/p293_096| 
wav48/p374/p374_200| 
wav48/p313/p313_123| 
wav48/p304/p304_076| 
wav48/p301/p301_403| 
wav48/p316/p316_149| 
wav48/p293/p293_329| 
wav48/p323/p323_224| 
wav48/p297/p297_049| 
wav48/p316/p316_323| 
wav48/p316/p316_034| 
wav48/p304/p304_295| 
wav48/p323/p323_306| 
wav48/p251/p251_030| 
wav48/p323/p323_420| 
wav48/p304/p304_268| 
wav48/p316/p316_054| 
wav48/p249/p249_040| 
wav48/p316/p316_135| 
wav48/p229/p229_018| 
wav48/p301/p301_172| 
wav48/p313/p313_333| 
wav48/p374/p374_284| 
wav48/p374/p374_263| 
wav48/p323/p323_383| 
wav48/p304/p304_211| 
wav48/p313/p313_026| 
wav48/p323/p323_249| 
wav48/p293/p293_386| 
wav48/p251/p251_368| 
wav48/p313/p313_357| 
wav48/p316/p316_421| 
wav48/p297/p297_190| 
wav48/p293/p293_075| 
wav48/p313/p313_114| 
wav48/p313/p313_198| 
wav48/p293/p293_320| 
wav48/p313/p313_379| 
wav48/p301/p301_216| 
wav48/p293/p293_120| 
wav48/p301/p301_214| 
wav48/p301/p301_074| 
wav48/p301/p301_277| 
wav48/p313/p313_391| 
wav48/p313/p313_218| 
wav48/p251/p251_106| 
wav48/p313/p313_390| 
wav48/p251/p251_088| 
wav48/p313/p313_346| 
wav48/p297/p297_218| 
wav48/p251/p251_127| 
wav48/p297/p297_137| 
wav48/p304/p304_235| 
wav48/p323/p323_418| 
wav48/p301/p301_010| 
wav48/p374/p374_243| 
wav48/p304/p304_031| 
wav48/p301/p301_399| 
wav48/p293/p293_225| 
wav48/p251/p251_153| 
wav48/p297/p297_134| 
wav48/p293/p293_302| 
wav48/p293/p293_321| 
wav48/p374/p374_055| 
wav48/p251/p251_143| 
wav48/p323/p323_394| 
wav48/p304/p304_092| 
wav48/p293/p293_145| 
wav48/p293/p293_342| 
wav48/p229/p229_152| 
wav48/p374/p374_352| 
wav48/p301/p301_294| 
wav48/p249/p249_122| 
wav48/p229/p229_191| 
wav48/p293/p293_198| 
wav48/p304/p304_391| 
wav48/p249/p249_209| 
wav48/p374/p374_080| 
wav48/p249/p249_270| 
wav48/p304/p304_223| 
wav48/p374/p374_185| 
wav48/p323/p323_021| 
wav48/p293/p293_232| 
wav48/p229/p229_042| 
wav48/p229/p229_359| 
wav48/p249/p249_338| 
wav48/p304/p304_328| 
wav48/p251/p251_289| 
wav48/p301/p301_039| 
wav48/p304/p304_271| 
wav48/p251/p251_374| 
wav48/p293/p293_337| 
wav48/p229/p229_272| 
wav48/p323/p323_261| 
wav48/p251/p251_178| 
wav48/p229/p229_240| 
wav48/p374/p374_167| 
wav48/p249/p249_106| 
wav48/p313/p313_309| 
wav48/p304/p304_064| 
wav48/p297/p297_199| 
wav48/p229/p229_333| 
wav48/p313/p313_134| 
wav48/p316/p316_048| 
wav48/p316/p316_231| 
wav48/p304/p304_248| 
wav48/p304/p304_067| 
wav48/p297/p297_046| 
wav48/p323/p323_015| 
wav48/p316/p316_156| 
wav48/p297/p297_262| 
wav48/p249/p249_255| 
wav48/p301/p301_383| 
wav48/p323/p323_410| 
wav48/p304/p304_218| 
wav48/p301/p301_410| 
wav48/p297/p297_343| 
wav48/p293/p293_190| 
wav48/p249/p249_295| 
wav48/p313/p313_014| 
wav48/p374/p374_371| 
wav48/p293/p293_021| 
wav48/p323/p323_035| 
wav48/p229/p229_322| 
wav48/p313/p313_314| 
wav48/p323/p323_398| 
wav48/p251/p251_021| 
wav48/p316/p316_182| 
wav48/p313/p313_378| 
wav48/p229/p229_193| 
wav48/p374/p374_367| 
wav48/p297/p297_271| 
wav48/p316/p316_361| 
wav48/p323/p323_076| 
wav48/p374/p374_395| 
wav48/p374/p374_309| 
wav48/p297/p297_085| 
wav48/p251/p251_079| 
wav48/p313/p313_061| 
wav48/p313/p313_299| 
wav48/p374/p374_079| 
wav48/p293/p293_333| 
wav48/p251/p251_294| 
wav48/p229/p229_181| 
wav48/p297/p297_016| 
wav48/p293/p293_080| 
wav48/p229/p229_355| 
wav48/p323/p323_342| 
wav48/p293/p293_200| 
wav48/p316/p316_403| 
wav48/p374/p374_276| 
wav48/p301/p301_342| 
wav48/p293/p293_221| 
wav48/p293/p293_007| 
wav48/p323/p323_028| 
wav48/p229/p229_340| 
wav48/p313/p313_022| 
wav48/p316/p316_020| 
wav48/p297/p297_117| 
wav48/p323/p323_385| 
wav48/p297/p297_346| 
wav48/p229/p229_089| 
wav48/p229/p229_065| 
wav48/p313/p313_108| 
wav48/p316/p316_193| 
wav48/p374/p374_097| 
wav48/p297/p297_077| 
wav48/p229/p229_141| 
wav48/p293/p293_392| 
wav48/p313/p313_016| 
wav48/p374/p374_317| 
wav48/p304/p304_057| 
wav48/p316/p316_131| 
wav48/p316/p316_335| 
wav48/p301/p301_296| 
wav48/p293/p293_197| 
wav48/p229/p229_222| 
wav48/p313/p313_179| 
wav48/p316/p316_038| 
wav48/p304/p304_006| 
wav48/p304/p304_408| 
wav48/p304/p304_278| 
wav48/p293/p293_208| 
wav48/p251/p251_281| 
wav48/p251/p251_103| 
wav48/p313/p313_297| 
wav48/p323/p323_180| 
wav48/p313/p313_131| 
wav48/p293/p293_356| 
wav48/p323/p323_098| 
wav48/p301/p301_186| 
wav48/p313/p313_377| 
wav48/p323/p323_053| 
wav48/p249/p249_126| 
wav48/p374/p374_175| 
wav48/p229/p229_220| 
wav48/p301/p301_171| 
wav48/p313/p313_204| 
wav48/p323/p323_374| 
wav48/p316/p316_384| 
wav48/p251/p251_275| 
wav48/p251/p251_060| 
wav48/p297/p297_309| 
wav48/p316/p316_326| 
wav48/p316/p316_040| 
wav48/p304/p304_419| 
wav48/p374/p374_197| 
wav48/p374/p374_379| 
wav48/p297/p297_198| 
wav48/p316/p316_268| 
wav48/p251/p251_228| 
wav48/p229/p229_031| 
wav48/p316/p316_359| 
wav48/p313/p313_136| 
wav48/p297/p297_326| 
wav48/p301/p301_065| 
wav48/p293/p293_355| 
wav48/p323/p323_175| 
wav48/p301/p301_194| 
wav48/p374/p374_291| 
wav48/p374/p374_153| 
wav48/p304/p304_397| 
wav48/p229/p229_032| 
wav48/p251/p251_144| 
wav48/p374/p374_311| 
wav48/p249/p249_218| 
wav48/p229/p229_241| 
wav48/p316/p316_067| 
wav48/p301/p301_275| 
wav48/p251/p251_139| 
wav48/p297/p297_235| 
wav48/p251/p251_248| 
wav48/p249/p249_041| 
wav48/p304/p304_162| 
wav48/p251/p251_006| 
wav48/p304/p304_203| 
wav48/p293/p293_123| 
wav48/p301/p301_185| 
wav48/p374/p374_253| 
wav48/p251/p251_008| 
wav48/p316/p316_035| 
wav48/p301/p301_049| 
wav48/p301/p301_362| 
wav48/p293/p293_261| 
wav48/p229/p229_017| 
wav48/p297/p297_403| 
wav48/p301/p301_138| 
wav48/p251/p251_207| 
wav48/p301/p301_102| 
wav48/p293/p293_354| 
wav48/p293/p293_165| 
wav48/p323/p323_077| 
wav48/p301/p301_243| 
wav48/p293/p293_016| 
wav48/p293/p293_224| 
wav48/p304/p304_209| 
wav48/p229/p229_185| 
wav48/p374/p374_088| 
wav48/p251/p251_303| 
wav48/p323/p323_174| 
wav48/p229/p229_114| 
wav48/p251/p251_285| 
wav48/p251/p251_138| 
wav48/p301/p301_326| 
wav48/p251/p251_134| 
wav48/p297/p297_142| 
wav48/p374/p374_304| 
wav48/p304/p304_361| 
wav48/p249/p249_153| 
wav48/p374/p374_170| 
wav48/p304/p304_371| 
wav48/p249/p249_211| 
wav48/p293/p293_015| 
wav48/p301/p301_217| 
wav48/p249/p249_315| 
wav48/p297/p297_295| 
wav48/p249/p249_223| 
wav48/p297/p297_285| 
wav48/p301/p301_176| 
wav48/p323/p323_332| 
wav48/p229/p229_305| 
wav48/p313/p313_185| 
wav48/p251/p251_001| 
wav48/p293/p293_201| 
wav48/p229/p229_196| 
wav48/p249/p249_072| 
wav48/p374/p374_101| 
wav48/p304/p304_206| 
wav48/p229/p229_367| 
wav48/p374/p374_181| 
wav48/p249/p249_294| 
wav48/p316/p316_096| 
wav48/p313/p313_209| 
wav48/p374/p374_161| 
wav48/p374/p374_162| 
wav48/p374/p374_127| 
wav48/p313/p313_111| 
wav48/p229/p229_284| 
wav48/p297/p297_389| 
wav48/p304/p304_336| 
wav48/p374/p374_186| 
wav48/p297/p297_208| 
wav48/p229/p229_209| 
wav48/p323/p323_127| 
wav48/p301/p301_166| 
wav48/p249/p249_229| 
wav48/p293/p293_309| 
wav48/p249/p249_224| 
wav48/p249/p249_017| 
wav48/p316/p316_343| 
wav48/p316/p316_074| 
wav48/p304/p304_109| 
wav48/p293/p293_311| 
wav48/p293/p293_110| 
wav48/p297/p297_287| 
wav48/p304/p304_105| 
wav48/p374/p374_332| 
wav48/p251/p251_299| 
wav48/p316/p316_290| 
wav48/p316/p316_088| 
wav48/p297/p297_383| 
wav48/p313/p313_416| 
wav48/p304/p304_262| 
wav48/p323/p323_417| 
wav48/p313/p313_269| 
wav48/p323/p323_203| 
wav48/p297/p297_201| 
wav48/p249/p249_022| 
wav48/p301/p301_183| 
wav48/p229/p229_292| 
wav48/p374/p374_140| 
wav48/p293/p293_178| 
wav48/p229/p229_315| 
wav48/p229/p229_194| 
wav48/p229/p229_092| 
wav48/p323/p323_366| 
wav48/p293/p293_067| 
wav48/p316/p316_234| 
wav48/p293/p293_205| 
wav48/p374/p374_017| 
wav48/p323/p323_285| 
wav48/p313/p313_313| 
wav48/p374/p374_357| 
wav48/p301/p301_344| 
wav48/p251/p251_254| 
wav48/p251/p251_170| 
wav48/p304/p304_241| 
wav48/p316/p316_021| 
wav48/p251/p251_177| 
wav48/p304/p304_351| 
wav48/p374/p374_264| 
wav48/p313/p313_149| 
wav48/p229/p229_319| 
wav48/p301/p301_292| 
wav48/p316/p316_385| 
wav48/p249/p249_145| 
wav48/p293/p293_022| 
wav48/p301/p301_238| 
wav48/p374/p374_072| 
wav48/p293/p293_193| 
wav48/p301/p301_047| 
wav48/p323/p323_184| 
wav48/p293/p293_253| 
wav48/p249/p249_210| 
wav48/p301/p301_013| 
wav48/p229/p229_190| 
wav48/p293/p293_303| 
wav48/p313/p313_143| 
wav48/p293/p293_375| 
wav48/p251/p251_276| 
wav48/p229/p229_392| 
wav48/p316/p316_201| 
wav48/p374/p374_420| 
wav48/p297/p297_336| 
wav48/p297/p297_109| 
wav48/p374/p374_099| 
wav48/p229/p229_151| 
wav48/p301/p301_127| 
wav48/p249/p249_170| 
wav48/p323/p323_321| 
wav48/p251/p251_192| 
wav48/p374/p374_094| 
wav48/p316/p316_235| 
wav48/p249/p249_276| 
wav48/p293/p293_095| 
wav48/p323/p323_291| 
wav48/p293/p293_260| 
wav48/p313/p313_028| 
wav48/p293/p293_003| 
wav48/p301/p301_230| 
wav48/p251/p251_082| 
wav48/p304/p304_291| 
wav48/p297/p297_157| 
wav48/p374/p374_424| 
wav48/p297/p297_362| 
wav48/p316/p316_248| 
wav48/p251/p251_019| 
wav48/p229/p229_171| 
wav48/p374/p374_156| 
wav48/p297/p297_254| 
wav48/p304/p304_027| 
wav48/p297/p297_359| 
wav48/p251/p251_206| 
wav48/p316/p316_037| 
wav48/p293/p293_334| 
wav48/p249/p249_025| 
wav48/p293/p293_290| 
wav48/p316/p316_195| 
wav48/p323/p323_074| 
wav48/p293/p293_030| 
wav48/p301/p301_366| 
wav48/p316/p316_243| 
wav48/p374/p374_109| 
wav48/p313/p313_361| 
wav48/p374/p374_077| 
wav48/p249/p249_066| 
wav48/p313/p313_027| 
wav48/p297/p297_390| 
wav48/p304/p304_049| 
wav48/p374/p374_329| 
wav48/p297/p297_189| 
wav48/p323/p323_047| 
wav48/p301/p301_265| 
wav48/p301/p301_015| 
wav48/p304/p304_415| 
wav48/p323/p323_217| 
wav48/p304/p304_307| 
wav48/p301/p301_055| 
wav48/p249/p249_097| 
wav48/p301/p301_386| 
wav48/p304/p304_118| 
wav48/p313/p313_244| 
wav48/p304/p304_071| 
wav48/p323/p323_168| 
wav48/p297/p297_312| 
wav48/p301/p301_125| 
wav48/p251/p251_343| 
wav48/p249/p249_004| 
wav48/p293/p293_191| 
wav48/p374/p374_364| 
wav48/p316/p316_189| 
wav48/p313/p313_352| 
wav48/p251/p251_101| 
wav48/p229/p229_202| 
wav48/p297/p297_158| 
wav48/p323/p323_141| 
wav48/p323/p323_117| 
wav48/p229/p229_345| 
wav48/p316/p316_176| 
wav48/p293/p293_295| 
wav48/p304/p304_189| 
wav48/p249/p249_349| 
wav48/p301/p301_067| 
wav48/p316/p316_015| 
wav48/p301/p301_084| 
wav48/p323/p323_258| 
wav48/p301/p301_206| 
wav48/p229/p229_257| 
wav48/p374/p374_069| 
wav48/p301/p301_211| 
wav48/p297/p297_378| 
wav48/p304/p304_253| 
wav48/p313/p313_138| 
wav48/p323/p323_186| 
wav48/p251/p251_036| 
wav48/p251/p251_251| 
wav48/p293/p293_245| 
wav48/p301/p301_283| 
wav48/p323/p323_355| 
wav48/p323/p323_062| 
wav48/p313/p313_401| 
wav48/p249/p249_279| 
wav48/p251/p251_296| 
wav48/p323/p323_002| 
wav48/p249/p249_127| 
wav48/p251/p251_255| 
wav48/p313/p313_230| 
wav48/p301/p301_314| 
wav48/p301/p301_180| 
wav48/p323/p323_132| 
wav48/p229/p229_269| 
wav48/p293/p293_219| 
wav48/p316/p316_245| 
wav48/p323/p323_170| 
wav48/p251/p251_179| 
wav48/p229/p229_325| 
wav48/p374/p374_057| 
wav48/p313/p313_261| 
wav48/p316/p316_362| 
wav48/p229/p229_105| 
wav48/p251/p251_264| 
wav48/p297/p297_322| 
wav48/p313/p313_017| 
wav48/p249/p249_098| 
wav48/p251/p251_195| 
wav48/p313/p313_353| 
wav48/p229/p229_344| 
wav48/p301/p301_401| 
wav48/p229/p229_006| 
wav48/p293/p293_284| 
wav48/p374/p374_014| 
wav48/p316/p316_014| 
wav48/p313/p313_106| 
wav48/p304/p304_174| 
wav48/p374/p374_198| 
wav48/p323/p323_042| 
wav48/p297/p297_018| 
wav48/p304/p304_237| 
wav48/p293/p293_344| 
wav48/p323/p323_073| 
wav48/p374/p374_124| 
wav48/p249/p249_050| 
wav48/p313/p313_238| 
wav48/p301/p301_272| 
wav48/p323/p323_335| 
wav48/p293/p293_161| 
wav48/p249/p249_053| 
wav48/p301/p301_083| 
wav48/p316/p316_066| 
wav48/p293/p293_314| 
wav48/p313/p313_225| 
wav48/p374/p374_062| 
wav48/p297/p297_229| 
wav48/p374/p374_045| 
wav48/p301/p301_339| 
wav48/p229/p229_332| 
wav48/p297/p297_307| 
wav48/p316/p316_217| 
wav48/p297/p297_354| 
wav48/p297/p297_110| 
wav48/p316/p316_322| 
wav48/p297/p297_399| 
wav48/p297/p297_384| 
wav48/p301/p301_126| 
wav48/p304/p304_309| 
wav48/p323/p323_377| 
wav48/p316/p316_242| 
wav48/p251/p251_349| 
wav48/p249/p249_162| 
wav48/p249/p249_288| 
wav48/p249/p249_082| 
wav48/p251/p251_160| 
wav48/p301/p301_165| 
wav48/p297/p297_052| 
wav48/p293/p293_209| 
wav48/p313/p313_251| 
wav48/p251/p251_204| 
wav48/p313/p313_388| 
wav48/p301/p301_079| 
wav48/p293/p293_166| 
wav48/p251/p251_113| 
wav48/p249/p249_285| 
wav48/p323/p323_320| 
wav48/p249/p249_191| 
wav48/p249/p249_353| 
wav48/p229/p229_221| 
wav48/p293/p293_144| 
wav48/p297/p297_154| 
wav48/p249/p249_240| 
wav48/p229/p229_251| 
wav48/p301/p301_297| 
wav48/p313/p313_380| 
wav48/p323/p323_185| 
wav48/p316/p316_205| 
wav48/p323/p323_012| 
wav48/p304/p304_326| 
wav48/p374/p374_129| 
wav48/p297/p297_113| 
wav48/p229/p229_242| 
wav48/p304/p304_313| 
wav48/p249/p249_287| 
wav48/p251/p251_047| 
wav48/p297/p297_193| 
wav48/p316/p316_391| 
wav48/p251/p251_205| 
wav48/p229/p229_238| 
wav48/p249/p249_078| 
wav48/p293/p293_287| 
wav48/p229/p229_169| 
wav48/p297/p297_234| 
wav48/p374/p374_272| 
wav48/p297/p297_062| 
wav48/p313/p313_383| 
wav48/p316/p316_270| 
wav48/p301/p301_330| 
wav48/p229/p229_249| 
wav48/p249/p249_247| 
wav48/p313/p313_084| 
wav48/p316/p316_173| 
wav48/p304/p304_356| 
wav48/p297/p297_051| 
wav48/p313/p313_241| 
wav48/p304/p304_270| 
wav48/p251/p251_182| 
wav48/p304/p304_217| 
wav48/p229/p229_343| 
wav48/p251/p251_338| 
wav48/p251/p251_262| 
wav48/p374/p374_188| 
wav48/p293/p293_357| 
wav48/p301/p301_042| 
wav48/p293/p293_296| 
wav48/p323/p323_233| 
wav48/p301/p301_018| 
wav48/p301/p301_359| 
wav48/p304/p304_259| 
wav48/p313/p313_372| 
wav48/p316/p316_025| 
wav48/p304/p304_214| 
wav48/p323/p323_356| 
wav48/p293/p293_212| 
wav48/p251/p251_341| 
wav48/p293/p293_397| 
wav48/p251/p251_347| 
wav48/p229/p229_381| 
wav48/p229/p229_320| 
wav48/p301/p301_385| 
wav48/p374/p374_122| 
wav48/p229/p229_121| 
wav48/p304/p304_110| 
wav48/p323/p323_161| 
wav48/p293/p293_117| 
wav48/p297/p297_313| 
wav48/p229/p229_056| 
wav48/p251/p251_227| 
wav48/p251/p251_244| 
wav48/p316/p316_152| 
wav48/p293/p293_276| 
wav48/p313/p313_354| 
wav48/p301/p301_202| 
wav48/p293/p293_369| 
wav48/p229/p229_203| 
wav48/p293/p293_319| 
wav48/p323/p323_226| 
wav48/p293/p293_121| 
wav48/p301/p301_298| 
wav48/p304/p304_122| 
wav48/p374/p374_213| 
wav48/p323/p323_419| 
wav48/p313/p313_165| 
wav48/p323/p323_204| 
wav48/p323/p323_343| 
wav48/p316/p316_386| 
wav48/p293/p293_346| 
wav48/p297/p297_224| 
wav48/p251/p251_314| 
wav48/p229/p229_011| 
wav48/p316/p316_094| 
wav48/p297/p297_373| 
wav48/p323/p323_407| 
wav48/p304/p304_187| 
wav48/p313/p313_109| 
wav48/p323/p323_346| 
wav48/p251/p251_342| 
wav48/p293/p293_207| 
wav48/p229/p229_021| 
wav48/p249/p249_192| 
wav48/p323/p323_001| 
wav48/p316/p316_262| 
wav48/p301/p301_318| 
wav48/p304/p304_246| 
wav48/p323/p323_103| 
wav48/p249/p249_283| 
wav48/p374/p374_003| 
wav48/p304/p304_207| 
wav48/p323/p323_191| 
wav48/p293/p293_042| 
wav48/p323/p323_097| 
wav48/p297/p297_370| 
wav48/p229/p229_207| 
wav48/p301/p301_091| 
wav48/p313/p313_002| 
wav48/p323/p323_016| 
wav48/p374/p374_001| 
wav48/p297/p297_141| 
wav48/p301/p301_270| 
wav48/p251/p251_292| 
wav48/p323/p323_277| 
wav48/p323/p323_038| 
wav48/p316/p316_211| 
wav48/p374/p374_257| 
wav48/p301/p301_225| 
wav48/p316/p316_175| 
wav48/p251/p251_266| 
wav48/p374/p374_274| 
wav48/p313/p313_254| 
wav48/p304/p304_157| 
wav48/p304/p304_388| 
wav48/p293/p293_133| 
wav48/p293/p293_280| 
wav48/p251/p251_046| 
wav48/p301/p301_044| 
wav48/p229/p229_265| 
wav48/p374/p374_008| 
wav48/p323/p323_341| 
wav48/p249/p249_013| 
wav48/p374/p374_370| 
wav48/p229/p229_306| 
wav48/p374/p374_063| 
wav48/p323/p323_079| 
wav48/p316/p316_350| 
wav48/p316/p316_264| 
wav48/p297/p297_128| 
wav48/p316/p316_419| 
wav48/p313/p313_415| 
wav48/p374/p374_389| 
wav48/p251/p251_074| 
wav48/p249/p249_199| 
wav48/p249/p249_095| 
wav48/p251/p251_306| 
wav48/p313/p313_037| 
wav48/p293/p293_292| 
wav48/p297/p297_357| 
wav48/p229/p229_326| 
wav48/p301/p301_315| 
wav48/p374/p374_065| 
wav48/p251/p251_076| 
wav48/p304/p304_155| 
wav48/p249/p249_266| 
wav48/p374/p374_351| 
wav48/p323/p323_108| 
wav48/p251/p251_269| 
wav48/p374/p374_090| 
wav48/p249/p249_312| 
wav48/p229/p229_135| 
wav48/p323/p323_043| 
wav48/p323/p323_307| 
wav48/p297/p297_386| 
wav48/p251/p251_069| 
wav48/p313/p313_044| 
wav48/p301/p301_103| 
wav48/p313/p313_100| 
wav48/p229/p229_085| 
wav48/p316/p316_376| 
wav48/p374/p374_326| 
wav48/p374/p374_229| 
wav48/p323/p323_116| 
wav48/p374/p374_052| 
wav48/p323/p323_362| 
wav48/p251/p251_319| 
wav48/p249/p249_136| 
wav48/p301/p301_145| 
wav48/p304/p304_164| 
wav48/p297/p297_424| 
wav48/p374/p374_423| 
wav48/p297/p297_131| 
wav48/p304/p304_216| 
wav48/p323/p323_406| 
wav48/p229/p229_330| 
wav48/p251/p251_345| 
wav48/p297/p297_162| 
wav48/p304/p304_239| 
wav48/p297/p297_116| 
wav48/p304/p304_180| 
wav48/p229/p229_198| 
wav48/p374/p374_211| 
wav48/p301/p301_271| 
wav48/p301/p301_132| 
wav48/p316/p316_307| 
wav48/p304/p304_035| 
wav48/p316/p316_047| 
wav48/p374/p374_216| 
wav48/p301/p301_295| 
wav48/p323/p323_298| 
wav48/p293/p293_281| 
wav48/p249/p249_183| 
wav48/p313/p313_375| 
wav48/p229/p229_260| 
wav48/p301/p301_251| 
wav48/p304/p304_341| 
wav48/p293/p293_204| 
wav48/p251/p251_122| 
wav48/p229/p229_072| 
wav48/p316/p316_102| 
wav48/p374/p374_106| 
wav48/p297/p297_180| 
wav48/p251/p251_222| 
wav48/p229/p229_155| 
wav48/p301/p301_299| 
wav48/p304/p304_037| 
wav48/p304/p304_424| 
wav48/p316/p316_226| 
wav48/p374/p374_051| 
wav48/p229/p229_283| 
wav48/p316/p316_281| 
wav48/p374/p374_203| 
wav48/p293/p293_142| 
wav48/p249/p249_221| 
wav48/p313/p313_031| 
wav48/p229/p229_214| 
wav48/p249/p249_323| 
wav48/p249/p249_149| 
wav48/p249/p249_303| 
wav48/p229/p229_157| 
wav48/p323/p323_275| 
wav48/p229/p229_329| 
wav48/p297/p297_268| 
wav48/p316/p316_366| 
wav48/p293/p293_160| 
wav48/p313/p313_153| 
wav48/p323/p323_140| 
wav48/p316/p316_063| 
wav48/p304/p304_119| 
wav48/p374/p374_337| 
wav48/p313/p313_278| 
wav48/p374/p374_278| 
wav48/p249/p249_194| 
wav48/p249/p249_313| 
wav48/p313/p313_408| 
wav48/p323/p323_085| 
wav48/p249/p249_142| 
wav48/p313/p313_176| 
wav48/p313/p313_287| 
wav48/p229/p229_279| 
wav48/p313/p313_417| 
wav48/p323/p323_190| 
wav48/p301/p301_063| 
wav48/p313/p313_067| 
wav48/p297/p297_129| 
wav48/p313/p313_208| 
wav48/p323/p323_112| 
wav48/p323/p323_282| 
wav48/p293/p293_032| 
wav48/p323/p323_187| 
wav48/p251/p251_313| 
wav48/p293/p293_376| 
wav48/p316/p316_310| 
wav48/p323/p323_380| 
wav48/p249/p249_345| 
wav48/p374/p374_296| 
wav48/p323/p323_386| 
wav48/p301/p301_245| 
wav48/p301/p301_117| 
wav48/p293/p293_071| 
wav48/p313/p313_256| 
wav48/p229/p229_218| 
wav48/p251/p251_225| 
wav48/p229/p229_374| 
wav48/p304/p304_284| 
wav48/p293/p293_185| 
wav48/p301/p301_322| 
wav48/p374/p374_058| 
wav48/p323/p323_260| 
wav48/p229/p229_300| 
wav48/p229/p229_295| 
wav48/p304/p304_152| 
wav48/p293/p293_079| 
wav48/p316/p316_092| 
wav48/p297/p297_250| 
wav48/p304/p304_349| 
wav48/p293/p293_150| 
wav48/p251/p251_121| 
wav48/p251/p251_372| 
wav48/p316/p316_039| 
wav48/p323/p323_278| 
wav48/p229/p229_311| 
wav48/p297/p297_202| 
wav48/p323/p323_137| 
wav48/p297/p297_168| 
wav48/p304/p304_052| 
wav48/p251/p251_223| 
wav48/p251/p251_245| 
wav48/p313/p313_399| 
wav48/p229/p229_054| 
wav48/p316/p316_398| 
wav48/p313/p313_189| 
wav48/p316/p316_355| 
wav48/p297/p297_339| 
wav48/p301/p301_089| 
wav48/p229/p229_117| 
wav48/p249/p249_071| 
wav48/p304/p304_392| 
wav48/p313/p313_087| 
wav48/p297/p297_136| 
wav48/p374/p374_207| 
wav48/p297/p297_397| 
wav48/p374/p374_285| 
wav48/p249/p249_232| 
wav48/p323/p323_244| 
wav48/p323/p323_081| 
wav48/p249/p249_032| 
wav48/p304/p304_373| 
wav48/p304/p304_103| 
wav48/p293/p293_112| 
wav48/p297/p297_283| 
wav48/p301/p301_400| 
wav48/p316/p316_233| 
wav48/p249/p249_089| 
wav48/p249/p249_343| 
wav48/p293/p293_068| 
wav48/p374/p374_336| 
wav48/p249/p249_029| 
wav48/p249/p249_208| 
wav48/p301/p301_115| 
wav48/p316/p316_358| 
wav48/p229/p229_217| 
wav48/p374/p374_348| 
wav48/p229/p229_364| 
wav48/p297/p297_332| 
wav48/p304/p304_378| 
wav48/p293/p293_374| 
wav48/p229/p229_302| 
wav48/p293/p293_118| 
wav48/p249/p249_176| 
wav48/p374/p374_369| 
wav48/p323/p323_281| 
wav48/p297/p297_351| 
wav48/p293/p293_233| 
wav48/p251/p251_016| 
wav48/p323/p323_392| 
wav48/p301/p301_405| 
wav48/p313/p313_076| 
wav48/p293/p293_390| 
wav48/p297/p297_324| 
wav48/p316/p316_246| 
wav48/p301/p301_082| 
wav48/p251/p251_077| 
wav48/p323/p323_330| 
wav48/p293/p293_192| 
wav48/p251/p251_284| 
wav48/p313/p313_242| 
wav48/p229/p229_036| 
wav48/p293/p293_167| 
wav48/p316/p316_011| 
wav48/p249/p249_028| 
wav48/p301/p301_222| 
wav48/p229/p229_370| 
wav48/p229/p229_058| 
wav48/p374/p374_282| 
wav48/p323/p323_160| 
wav48/p316/p316_261| 
wav48/p229/p229_002| 
wav48/p304/p304_301| 
wav48/p316/p316_378| 
wav48/p304/p304_074| 
wav48/p301/p301_256| 
wav48/p229/p229_051| 
wav48/p304/p304_331| 
wav48/p316/p316_081| 
wav48/p293/p293_139| 
wav48/p374/p374_020| 
wav48/p316/p316_136| 
wav48/p313/p313_389| 
wav48/p313/p313_402| 
wav48/p316/p316_084| 
wav48/p229/p229_061| 
wav48/p304/p304_080| 
wav48/p301/p301_107| 
wav48/p316/p316_280| 
wav48/p374/p374_418| 
wav48/p374/p374_403| 
wav48/p301/p301_017| 
wav48/p249/p249_009| 
wav48/p293/p293_285| 
wav48/p301/p301_177| 
wav48/p316/p316_062| 
wav48/p229/p229_264| 
wav48/p251/p251_165| 
wav48/p301/p301_210| 
wav48/p374/p374_391| 
wav48/p251/p251_163| 
wav48/p304/p304_107| 
wav48/p316/p316_423| 
wav48/p323/p323_251| 
wav48/p251/p251_035| 
wav48/p297/p297_094| 
wav48/p313/p313_160| 
wav48/p374/p374_006| 
wav48/p249/p249_148| 
wav48/p323/p323_039| 
wav48/p301/p301_161| 
wav48/p297/p297_407| 
wav48/p304/p304_406| 
wav48/p293/p293_070| 
wav48/p301/p301_261| 
wav48/p316/p316_305| 
wav48/p251/p251_364| 
wav48/p304/p304_044| 
wav48/p304/p304_150| 
wav48/p229/p229_281| 
wav48/p313/p313_330| 
wav48/p297/p297_205| 
wav48/p316/p316_036| 
wav48/p293/p293_062| 
wav48/p249/p249_239| 
wav48/p229/p229_023| 
wav48/p304/p304_352| 
wav48/p374/p374_199| 
wav48/p313/p313_220| 
wav48/p297/p297_371| 
wav48/p316/p316_157| 
wav48/p301/p301_350| 
wav48/p304/p304_226| 
wav48/p293/p293_364| 
wav48/p249/p249_206| 
wav48/p297/p297_092| 
wav48/p229/p229_382| 
wav48/p313/p313_328| 
wav48/p313/p313_358| 
wav48/p304/p304_213| 
wav48/p374/p374_373| 
wav48/p316/p316_112| 
wav48/p323/p323_196| 
wav48/p301/p301_071| 
wav48/p229/p229_113| 
wav48/p304/p304_325| 
wav48/p301/p301_340| 
wav48/p374/p374_241| 
wav48/p374/p374_089| 
wav48/p249/p249_282| 
wav48/p374/p374_141| 
wav48/p249/p249_237| 
wav48/p316/p316_087| 
wav48/p297/p297_237| 
wav48/p313/p313_276| 
wav48/p313/p313_182| 
wav48/p249/p249_308| 
wav48/p323/p323_297| 
wav48/p293/p293_060| 
wav48/p301/p301_280| 
wav48/p293/p293_267| 
wav48/p316/p316_225| 
wav48/p301/p301_352| 
wav48/p293/p293_027| 
wav48/p304/p304_375| 
wav48/p229/p229_360| 
wav48/p301/p301_141| 
wav48/p293/p293_282| 
wav48/p293/p293_373| 
wav48/p229/p229_087| 
wav48/p297/p297_367| 
wav48/p301/p301_182| 
wav48/p229/p229_116| 
wav48/p297/p297_065| 
wav48/p229/p229_076| 
wav48/p304/p304_261| 
wav48/p293/p293_335| 
wav48/p293/p293_086| 
wav48/p301/p301_189| 
wav48/p297/p297_140| 
wav48/p313/p313_175| 
wav48/p316/p316_100| 
wav48/p301/p301_053| 
wav48/p293/p293_368| 
wav48/p313/p313_323| 
wav48/p313/p313_010| 
wav48/p251/p251_173| 
wav48/p323/p323_265| 
wav48/p297/p297_261| 
wav48/p249/p249_074| 
wav48/p304/p304_357| 
wav48/p249/p249_352| 
wav48/p316/p316_093| 
wav48/p316/p316_138| 
wav48/p293/p293_195| 
wav48/p297/p297_360| 
wav48/p297/p297_368| 
wav48/p229/p229_144| 
wav48/p293/p293_283| 
wav48/p293/p293_338| 
wav48/p251/p251_020| 
wav48/p313/p313_072| 
wav48/p301/p301_290| 
wav48/p316/p316_080| 
wav48/p313/p313_006| 
wav48/p304/p304_344| 
wav48/p304/p304_017| 
wav48/p316/p316_289| 
wav48/p374/p374_333| 
wav48/p297/p297_380| 
wav48/p229/p229_154| 
wav48/p304/p304_128| 
wav48/p316/p316_159| 
wav48/p323/p323_269| 
wav48/p229/p229_067| 
wav48/p293/p293_378| 
wav48/p297/p297_120| 
wav48/p297/p297_006| 
wav48/p323/p323_288| 
wav48/p313/p313_146| 
wav48/p374/p374_168| 
wav48/p297/p297_402| 
wav48/p323/p323_067| 
wav48/p301/p301_105| 
wav48/p316/p316_127| 
wav48/p293/p293_289| 
wav48/p251/p251_189| 
wav48/p313/p313_089| 
wav48/p313/p313_385| 
wav48/p323/p323_284| 
wav48/p229/p229_188| 
wav48/p249/p249_201| 
wav48/p251/p251_147| 
wav48/p323/p323_222| 
wav48/p293/p293_046| 
wav48/p297/p297_385| 
wav48/p301/p301_332| 
wav48/p304/p304_078| 
wav48/p374/p374_240| 
wav48/p316/p316_411| 
wav48/p374/p374_414| 
wav48/p316/p316_230| 
wav48/p229/p229_373| 
wav48/p301/p301_408| 
wav48/p313/p313_265| 
wav48/p374/p374_320| 
wav48/p374/p374_413| 
wav48/p323/p323_382| 
wav48/p251/p251_172| 
wav48/p229/p229_077| 
wav48/p293/p293_255| 
wav48/p313/p313_226| 
wav48/p297/p297_097| 
wav48/p293/p293_126| 
wav48/p229/p229_083| 
wav48/p293/p293_241| 
wav48/p229/p229_022| 
wav48/p304/p304_358| 
wav48/p323/p323_142| 
wav48/p323/p323_315| 
wav48/p251/p251_279| 
wav48/p313/p313_021| 
wav48/p304/p304_066| 
wav48/p301/p301_106| 
wav48/p229/p229_377| 
wav48/p323/p323_409| 
wav48/p316/p316_057| 
wav48/p293/p293_038| 
wav48/p251/p251_023| 
wav48/p323/p323_308| 
wav48/p304/p304_176| 
wav48/p297/p297_264| 
wav48/p293/p293_149| 
wav48/p249/p249_102| 
wav48/p374/p374_405| 
wav48/p304/p304_423| 
wav48/p251/p251_297| 
wav48/p293/p293_164| 
wav48/p323/p323_329| 
wav48/p301/p301_155| 
wav48/p297/p297_269| 
wav48/p251/p251_174| 
wav48/p323/p323_393| 
wav48/p313/p313_081| 
wav48/p304/p304_332| 
wav48/p374/p374_205| 
wav48/p304/p304_304| 
wav48/p374/p374_160| 
wav48/p297/p297_358| 
wav48/p304/p304_012| 
wav48/p374/p374_147| 
wav48/p323/p323_389| 
wav48/p313/p313_112| 
wav48/p323/p323_110| 
wav48/p297/p297_381| 
wav48/p229/p229_348| 
wav48/p301/p301_302| 
wav48/p297/p297_069| 
wav48/p301/p301_209| 
wav48/p301/p301_347| 
wav48/p251/p251_198| 
wav48/p374/p374_136| 
wav48/p374/p374_346| 
wav48/p304/p304_116| 
wav48/p229/p229_341| 
wav48/p313/p313_423| 
wav48/p249/p249_258| 
wav48/p229/p229_204| 
wav48/p301/p301_396| 
wav48/p304/p304_145| 
wav48/p316/p316_374| 
wav48/p374/p374_302| 
wav48/p316/p316_392| 
wav48/p374/p374_286| 
wav48/p304/p304_274| 
wav48/p251/p251_180| 
wav48/p229/p229_099| 
wav48/p301/p301_247| 
wav48/p293/p293_064| 
wav48/p229/p229_068| 
wav48/p304/p304_314| 
wav48/p249/p249_202| 
wav48/p323/p323_311| 
wav48/p251/p251_132| 
wav48/p374/p374_236| 
wav48/p229/p229_041| 
wav48/p323/p323_107| 
wav48/p313/p313_216| 
wav48/p249/p249_317| 
wav48/p251/p251_335| 
wav48/p301/p301_313| 
wav48/p323/p323_072| 
wav48/p293/p293_316| 
wav48/p374/p374_032| 
wav48/p316/p316_302| 
wav48/p301/p301_041| 
wav48/p297/p297_221| 
wav48/p297/p297_207| 
wav48/p301/p301_040| 
wav48/p229/p229_024| 
wav48/p316/p316_204| 
wav48/p249/p249_118| 
wav48/p313/p313_116| 
wav48/p251/p251_145| 
wav48/p323/p323_177| 
wav48/p229/p229_186| 
wav48/p297/p297_058| 
wav48/p323/p323_133| 
wav48/p323/p323_152| 
wav48/p313/p313_294| 
wav48/p301/p301_252| 
wav48/p297/p297_376| 
wav48/p313/p313_162| 
wav48/p301/p301_114| 
wav48/p229/p229_069| 
wav48/p301/p301_253| 
wav48/p313/p313_157| 
wav48/p297/p297_103| 
wav48/p304/p304_255| 
wav48/p249/p249_330| 
wav48/p374/p374_330| 
wav48/p249/p249_157| 
wav48/p297/p297_045| 
wav48/p313/p313_387| 
wav48/p301/p301_110| 
wav48/p374/p374_277| 
wav48/p301/p301_361| 
wav48/p304/p304_146| 
wav48/p316/p316_253| 
wav48/p297/p297_375| 
wav48/p229/p229_158| 
wav48/p304/p304_010| 
wav48/p323/p323_344| 
wav48/p301/p301_244| 
wav48/p249/p249_006| 
wav48/p293/p293_350| 
wav48/p313/p313_052| 
wav48/p304/p304_005| 
wav48/p249/p249_008| 
wav48/p316/p316_118| 
wav48/p304/p304_208| 
wav48/p249/p249_324| 
wav48/p229/p229_390| 
wav48/p316/p316_077| 
wav48/p316/p316_030| 
wav48/p374/p374_322| 
wav48/p374/p374_268| 
wav48/p297/p297_155| 
wav48/p313/p313_199| 
wav48/p249/p249_171| 
wav48/p293/p293_081| 
wav48/p249/p249_198| 
wav48/p313/p313_305| 
wav48/p229/p229_368| 
wav48/p251/p251_323| 
wav48/p293/p293_361| 
wav48/p249/p249_121| 
wav48/p323/p323_011| 
wav48/p323/p323_313| 
wav48/p313/p313_258| 
wav48/p304/p304_186| 
wav48/p293/p293_024| 
wav48/p293/p293_389| 
wav48/p229/p229_261| 
wav48/p293/p293_113| 
wav48/p374/p374_262| 
wav48/p301/p301_327| 
wav48/p229/p229_081| 
wav48/p374/p374_365| 
wav48/p249/p249_231| 
wav48/p304/p304_133| 
wav48/p297/p297_233| 
wav48/p293/p293_053| 
wav48/p297/p297_197| 
wav48/p374/p374_248| 
wav48/p297/p297_387| 
wav48/p323/p323_134| 
wav48/p301/p301_057| 
wav48/p297/p297_027| 
wav48/p301/p301_404| 
wav48/p304/p304_195| 
wav48/p323/p323_221| 
wav48/p251/p251_099| 
wav48/p251/p251_045| 
wav48/p323/p323_153| 
wav48/p249/p249_322| 
wav48/p374/p374_121| 
wav48/p297/p297_145| 
wav48/p374/p374_354| 
wav48/p323/p323_199| 
wav48/p301/p301_407| 
wav48/p301/p301_123| 
wav48/p313/p313_019| 
wav48/p301/p301_046| 
wav48/p293/p293_259| 
wav48/p297/p297_169| 
wav48/p374/p374_049| 
wav48/p323/p323_096| 
wav48/p249/p249_044| 
wav48/p304/p304_026| 
wav48/p293/p293_324| 
wav48/p323/p323_059| 
wav48/p313/p313_083| 
wav48/p374/p374_335| 
wav48/p293/p293_019| 
wav48/p374/p374_012| 
wav48/p316/p316_108| 
wav48/p301/p301_329| 
wav48/p374/p374_374| 
wav48/p293/p293_008| 
wav48/p313/p313_120| 
wav48/p374/p374_138| 
wav48/p304/p304_257| 
wav48/p301/p301_073| 
wav48/p297/p297_317| 
wav48/p301/p301_200| 
wav48/p297/p297_273| 
wav48/p374/p374_344| 
wav48/p313/p313_128| 
wav48/p374/p374_137| 
wav48/p229/p229_074| 
wav48/p304/p304_402| 
wav48/p297/p297_349| 
wav48/p251/p251_105| 
wav48/p301/p301_208| 
wav48/p293/p293_239| 
wav48/p251/p251_175| 
wav48/p293/p293_177| 
wav48/p293/p293_171| 
wav48/p251/p251_093| 
wav48/p229/p229_073| 
wav48/p374/p374_130| 
wav48/p293/p293_262| 
wav48/p229/p229_070| 
wav48/p229/p229_156| 
wav48/p249/p249_048| 
wav48/p249/p249_132| 
wav48/p374/p374_098| 
wav48/p229/p229_274| 
wav48/p229/p229_235| 
wav48/p293/p293_210| 
wav48/p293/p293_078| 
wav48/p293/p293_054| 
wav48/p304/p304_033| 
wav48/p323/p323_138| 
wav48/p374/p374_134| 
wav48/p316/p316_349| 
wav48/p304/p304_126| 
wav48/p251/p251_315| 
wav48/p297/p297_246| 
wav48/p374/p374_232| 
wav48/p323/p323_292| 
wav48/p251/p251_286| 
wav48/p301/p301_369| 
wav48/p301/p301_130| 
wav48/p316/p316_051| 
wav48/p229/p229_149| 
wav48/p293/p293_382| 
wav48/p297/p297_021| 
wav48/p229/p229_110| 
wav48/p316/p316_056| 
wav48/p229/p229_192| 
wav48/p249/p249_065| 
wav48/p301/p301_394| 
wav48/p297/p297_091| 
wav48/p316/p316_407| 
wav48/p293/p293_073| 
wav48/p293/p293_330| 
wav48/p304/p304_024| 
wav48/p316/p316_188| 
wav48/p301/p301_195| 
wav48/p251/p251_216| 
wav48/p323/p323_257| 
wav48/p323/p323_036| 
wav48/p313/p313_300| 
wav48/p374/p374_115| 
wav48/p249/p249_219| 
wav48/p297/p297_303| 
wav48/p301/p301_240| 
wav48/p374/p374_234| 
wav48/p316/p316_364| 
wav48/p251/p251_310| 
wav48/p313/p313_187| 
wav48/p249/p249_238| 
wav48/p301/p301_016| 
wav48/p316/p316_122| 
wav48/p301/p301_064| 
wav48/p297/p297_033| 
wav48/p313/p313_018| 
wav48/p293/p293_325| 
wav48/p323/p323_034| 
wav48/p229/p229_298| 
wav48/p304/p304_233| 
wav48/p297/p297_032| 
wav48/p301/p301_077| 
wav48/p229/p229_378| 
wav48/p323/p323_268| 
wav48/p304/p304_362| 
wav48/p323/p323_150| 
wav48/p229/p229_363| 
wav48/p316/p316_163| 
wav48/p293/p293_044| 
wav48/p313/p313_289| 
wav48/p316/p316_339| 
wav48/p293/p293_265| 
wav48/p297/p297_296| 
wav48/p229/p229_356| 
wav48/p297/p297_107| 
wav48/p313/p313_367| 
wav48/p374/p374_223| 
wav48/p323/p323_041| 
wav48/p293/p293_322| 
wav48/p293/p293_029| 
wav48/p323/p323_353| 
wav48/p297/p297_167| 
wav48/p374/p374_362| 
wav48/p304/p304_205| 
wav48/p249/p249_179| 
wav48/p251/p251_171| 
wav48/p316/p316_352| 
wav48/p249/p249_125| 
wav48/p249/p249_107| 
wav48/p323/p323_091| 
wav48/p301/p301_112| 
wav48/p313/p313_135| 
wav48/p297/p297_338| 
wav48/p316/p316_085| 
wav48/p304/p304_113| 
wav48/p316/p316_228| 
wav48/p374/p374_226| 
wav48/p301/p301_075| 
wav48/p251/p251_293| 
wav48/p304/p304_153| 
wav48/p297/p297_176| 
wav48/p304/p304_025| 
wav48/p323/p323_402| 
wav48/p229/p229_179| 
wav48/p374/p374_421| 
wav48/p229/p229_039| 
wav48/p316/p316_254| 
wav48/p304/p304_413| 
wav48/p249/p249_348| 
wav48/p301/p301_160| 
wav48/p304/p304_002| 
wav48/p313/p313_359| 
wav48/p293/p293_179| 
wav48/p297/p297_215| 
wav48/p293/p293_039| 
wav48/p323/p323_325| 
wav48/p301/p301_168| 
wav48/p301/p301_377| 
wav48/p297/p297_031| 
wav48/p301/p301_308| 
wav48/p251/p251_282| 
wav48/p374/p374_037| 
wav48/p313/p313_047| 
wav48/p293/p293_114| 
wav48/p297/p297_076| 
wav48/p297/p297_213| 
wav48/p251/p251_326| 
wav48/p251/p251_072| 
wav48/p297/p297_072| 
wav48/p229/p229_167| 
wav48/p301/p301_007| 
wav48/p229/p229_243| 
wav48/p229/p229_165| 
wav48/p316/p316_179| 
wav48/p249/p249_319| 
wav48/p293/p293_147| 
wav48/p251/p251_115| 
wav48/p229/p229_166| 
wav48/p293/p293_367| 
wav48/p297/p297_316| 
wav48/p323/p323_404| 
wav48/p249/p249_214| 
wav48/p374/p374_306| 
wav48/p293/p293_291| 
wav48/p323/p323_206| 
wav48/p229/p229_161| 
wav48/p304/p304_015| 
wav48/p297/p297_204| 
wav48/p251/p251_186| 
wav48/p293/p293_266| 
wav48/p316/p316_377| 
wav48/p304/p304_058| 
wav48/p301/p301_170| 
wav48/p323/p323_084| 
wav48/p249/p249_087| 
wav48/p293/p293_128| 
wav48/p313/p313_286| 
wav48/p323/p323_216| 
wav48/p229/p229_247| 
wav48/p301/p301_108| 
wav48/p313/p313_306| 
wav48/p293/p293_025| 
wav48/p251/p251_085| 
wav48/p374/p374_228| 
wav48/p313/p313_366| 
wav48/p251/p251_304| 
wav48/p293/p293_294| 
wav48/p229/p229_106| 
wav48/p313/p313_113| 
wav48/p293/p293_135| 
wav48/p293/p293_250| 
wav48/p304/p304_302| 
wav48/p249/p249_019| 
wav48/p229/p229_064| 
wav48/p313/p313_105| 
wav48/p301/p301_267| 
wav48/p304/p304_124| 
wav48/p374/p374_157| 
wav48/p313/p313_295| 
wav48/p297/p297_331| 
wav48/p316/p316_029| 
wav48/p304/p304_097| 
wav48/p301/p301_363| 
wav48/p374/p374_194| 
wav48/p301/p301_026| 
wav48/p301/p301_233| 
wav48/p301/p301_288| 
wav48/p297/p297_275| 
wav48/p229/p229_119| 
wav48/p297/p297_260| 
wav48/p313/p313_239| 
wav48/p301/p301_094| 
wav48/p313/p313_268| 
wav48/p293/p293_235| 
wav48/p229/p229_358| 
wav48/p374/p374_408| 
wav48/p293/p293_394| 
wav48/p251/p251_322| 
wav48/p301/p301_273| 
wav48/p313/p313_223| 
wav48/p313/p313_098| 
wav48/p374/p374_399| 
wav48/p301/p301_374| 
wav48/p316/p316_215| 
wav48/p251/p251_350| 
wav48/p297/p297_297| 
wav48/p297/p297_010| 
wav48/p301/p301_004| 
wav48/p229/p229_172| 
wav48/p301/p301_351| 
wav48/p374/p374_154| 
wav48/p304/p304_094| 
wav48/p316/p316_033| 
wav48/p297/p297_379| 
wav48/p249/p249_307| 
wav48/p251/p251_339| 
wav48/p251/p251_366| 
wav48/p293/p293_247| 
wav48/p304/p304_228| 
wav48/p293/p293_400| 
wav48/p374/p374_119| 
wav48/p301/p301_133| 
wav48/p301/p301_025| 
wav48/p313/p313_200| 
wav48/p251/p251_156| 
wav48/p251/p251_048| 
wav48/p249/p249_222| 
wav48/p249/p249_007| 
wav48/p323/p323_205| 
wav48/p316/p316_244| 
wav48/p251/p251_355| 
wav48/p229/p229_350| 
wav48/p323/p323_066| 
wav48/p229/p229_055| 
wav48/p229/p229_337| 
wav48/p374/p374_068| 
wav48/p297/p297_244| 
wav48/p249/p249_134| 
wav48/p374/p374_308| 
wav48/p297/p297_353| 
wav48/p304/p304_280| 
wav48/p313/p313_042| 
wav48/p316/p316_292| 
wav48/p293/p293_043| 
wav48/p316/p316_130| 
wav48/p313/p313_051| 
wav48/p301/p301_154| 
wav48/p251/p251_057| 
wav48/p374/p374_416| 
wav48/p229/p229_275| 
wav48/p304/p304_315| 
wav48/p323/p323_179| 
wav48/p297/p297_144| 
wav48/p297/p297_325| 
wav48/p304/p304_294| 
wav48/p323/p323_004| 
wav48/p374/p374_218| 
wav48/p323/p323_051| 
wav48/p251/p251_238| 
wav48/p297/p297_066| 
wav48/p316/p316_249| 
wav48/p313/p313_210| 
wav48/p297/p297_105| 
wav48/p301/p301_353| 
wav48/p297/p297_290| 
wav48/p297/p297_002| 
wav48/p293/p293_090| 
wav48/p313/p313_190| 
wav48/p316/p316_132| 
wav48/p229/p229_245| 
wav48/p374/p374_033| 
wav48/p316/p316_003| 
wav48/p374/p374_380| 
wav48/p316/p316_311| 
wav48/p301/p301_001| 
wav48/p313/p313_009| 
wav48/p374/p374_341| 
wav48/p316/p316_380| 
wav48/p293/p293_163| 
wav48/p313/p313_301| 
wav48/p297/p297_417| 
wav48/p293/p293_129| 
wav48/p313/p313_400| 
wav48/p251/p251_287| 
wav48/p304/p304_258| 
wav48/p374/p374_303| 
wav48/p293/p293_332| 
wav48/p374/p374_145| 
wav48/p323/p323_397| 
wav48/p316/p316_291| 
wav48/p304/p304_194| 
wav48/p323/p323_007| 
wav48/p374/p374_004| 
wav48/p297/p297_231| 
wav48/p251/p251_301| 
wav48/p316/p316_097| 
wav48/p249/p249_051| 
wav48/p304/p304_238| 
wav48/p313/p313_205| 
wav48/p304/p304_247| 
wav48/p297/p297_251| 
wav48/p251/p251_102| 
wav48/p301/p301_087| 
wav48/p323/p323_167| 
wav48/p251/p251_155| 
wav48/p316/p316_150| 
wav48/p374/p374_325| 
wav48/p293/p293_398| 
wav48/p249/p249_311| 
wav48/p249/p249_320| 
wav48/p313/p313_007| 
wav48/p304/p304_021| 
wav48/p301/p301_310| 
wav48/p374/p374_105| 
wav48/p316/p316_210| 
wav48/p316/p316_187| 
wav48/p229/p229_212| 
wav48/p251/p251_114| 
wav48/p229/p229_177| 
wav48/p313/p313_192| 
wav48/p313/p313_266| 
wav48/p316/p316_393| 
wav48/p374/p374_361| 
wav48/p249/p249_193| 
wav48/p374/p374_191| 
wav48/p323/p323_390| 
wav48/p301/p301_030| 
wav48/p313/p313_249| 
wav48/p304/p304_287| 
wav48/p249/p249_289| 
wav48/p316/p316_314| 
wav48/p323/p323_144| 
wav48/p229/p229_009| 
wav48/p323/p323_151| 
wav48/p323/p323_304| 
wav48/p374/p374_295| 
wav48/p251/p251_321| 
wav48/p251/p251_176| 
wav48/p316/p316_004| 
wav48/p249/p249_110| 
wav48/p313/p313_281| 
wav48/p313/p313_110| 
wav48/p229/p229_357| 
wav48/p229/p229_278| 
wav48/p293/p293_146| 
wav48/p297/p297_079| 
wav48/p323/p323_381| 
wav48/p251/p251_260| 
wav48/p374/p374_358| 
wav48/p323/p323_063| 
wav48/p229/p229_282| 
wav48/p251/p251_220| 
wav48/p301/p301_167| 
wav48/p301/p301_099| 
wav48/p297/p297_230| 
wav48/p251/p251_164| 
wav48/p313/p313_159| 
wav48/p229/p229_267| 
wav48/p297/p297_034| 
wav48/p374/p374_142| 
wav48/p374/p374_404| 
wav48/p323/p323_319| 
wav48/p313/p313_374| 
wav48/p251/p251_325| 
wav48/p323/p323_014| 
wav48/p301/p301_246| 
wav48/p313/p313_271| 
wav48/p249/p249_114| 
wav48/p316/p316_106| 
wav48/p374/p374_294| 
wav48/p229/p229_147| 
wav48/p249/p249_277| 
wav48/p293/p293_370| 
wav48/p293/p293_383| 
wav48/p297/p297_096| 
wav48/p313/p313_397| 
wav48/p374/p374_144| 
wav48/p313/p313_015| 
wav48/p304/p304_251| 
wav48/p313/p313_080| 
wav48/p251/p251_148| 
wav48/p297/p297_001| 
wav48/p297/p297_166| 
wav48/p249/p249_010| 
wav48/p323/p323_242| 
wav48/p374/p374_244| 
wav48/p313/p313_420| 
wav48/p297/p297_068| 
wav48/p316/p316_313| 
wav48/p251/p251_187| 
wav48/p297/p297_410| 
wav48/p301/p301_142| 
wav48/p304/p304_282| 
wav48/p374/p374_292| 
wav48/p316/p316_124| 
wav48/p293/p293_301| 
wav48/p229/p229_163| 
wav48/p297/p297_350| 
wav48/p229/p229_028| 
wav48/p249/p249_339| 
wav48/p293/p293_352| 
wav48/p304/p304_285| 
wav48/p293/p293_202| 
wav48/p293/p293_065| 
wav48/p293/p293_273| 
wav48/p301/p301_086| 
wav48/p374/p374_266| 
wav48/p304/p304_363| 
wav48/p316/p316_354| 
wav48/p304/p304_161| 
wav48/p374/p374_246| 
wav48/p313/p313_280| 
wav48/p297/p297_361| 
wav48/p293/p293_222| 
wav48/p323/p323_220| 
wav48/p316/p316_134| 
wav48/p293/p293_094| 
wav48/p323/p323_128| 
wav48/p301/p301_370| 
wav48/p297/p297_416| 
wav48/p249/p249_143| 
wav48/p304/p304_088| 
wav48/p304/p304_185| 
wav48/p374/p374_074| 
wav48/p293/p293_058| 
wav48/p297/p297_423| 
wav48/p323/p323_384| 
wav48/p316/p316_241| 
wav48/p323/p323_031| 
wav48/p304/p304_136| 
wav48/p251/p251_092| 
wav48/p297/p297_335| 
wav48/p304/p304_231| 
wav48/p316/p316_238| 
wav48/p249/p249_260| 
wav48/p293/p293_072| 
wav48/p297/p297_178| 
wav48/p313/p313_350| 
wav48/p297/p297_059| 
wav48/p323/p323_359| 
wav48/p316/p316_192| 
wav48/p293/p293_143| 
wav48/p229/p229_366| 
wav48/p293/p293_091| 
wav48/p316/p316_180| 
wav48/p304/p304_318| 
wav48/p304/p304_308| 
wav48/p301/p301_104| 
wav48/p301/p301_264| 
wav48/p297/p297_308| 
wav48/p374/p374_217| 
wav48/p374/p374_222| 
wav48/p249/p249_217| 
wav48/p251/p251_361| 
wav48/p316/p316_016| 
wav48/p316/p316_368| 
wav48/p229/p229_206| 
wav48/p374/p374_366| 
wav48/p323/p323_312| 
wav48/p297/p297_044| 
wav48/p313/p313_298| 
wav48/p374/p374_208| 
wav48/p304/p304_317| 
wav48/p313/p313_212| 
wav48/p304/p304_201| 
wav48/p229/p229_339| 
wav48/p249/p249_137| 
wav48/p251/p251_348| 
wav48/p229/p229_184| 
wav48/p229/p229_211| 
wav48/p323/p323_178| 
wav48/p313/p313_386| 
wav48/p313/p313_046| 
wav48/p316/p316_185| 
wav48/p313/p313_082| 
wav48/p316/p316_050| 
wav48/p304/p304_366| 
wav48/p374/p374_368| 
wav48/p297/p297_422| 
wav48/p316/p316_141| 
wav48/p249/p249_119| 
wav48/p313/p313_252| 
wav48/p374/p374_254| 
wav48/p301/p301_188| 
wav48/p316/p316_027| 
wav48/p304/p304_250| 
wav48/p304/p304_106| 
wav48/p301/p301_008| 
wav48/p316/p316_300| 
wav48/p304/p304_069| 
wav48/p293/p293_347| 
wav48/p301/p301_380| 
wav48/p323/p323_189| 
wav48/p249/p249_246| 
wav48/p304/p304_273| 
wav48/p297/p297_372| 
wav48/p316/p316_032| 
wav48/p316/p316_070| 
wav48/p293/p293_327| 
wav48/p304/p304_299| 
wav48/p323/p323_309| 
wav48/p251/p251_050| 
wav48/p374/p374_009| 
wav48/p304/p304_210| 
wav48/p313/p313_064| 
wav48/p304/p304_324| 
wav48/p249/p249_278| 
wav48/p301/p301_181| 
wav48/p304/p304_288| 
wav48/p229/p229_328| 
wav48/p293/p293_186| 
wav48/p251/p251_316| 
wav48/p251/p251_002| 
wav48/p313/p313_381| 
wav48/p249/p249_328| 
wav48/p323/p323_210| 
wav48/p297/p297_388| 
wav48/p229/p229_084| 
wav48/p249/p249_168| 
wav48/p301/p301_382| 
wav48/p323/p323_089| 
wav48/p301/p301_078| 
wav48/p374/p374_355| 
wav48/p374/p374_219| 
wav48/p323/p323_396| 
wav48/p323/p323_213| 
wav48/p249/p249_188| 
wav48/p297/p297_281| 
wav48/p313/p313_034| 
wav48/p251/p251_257| 
wav48/p251/p251_058| 
wav48/p229/p229_268| 
wav48/p229/p229_131| 
wav48/p323/p323_211| 
wav48/p297/p297_186| 
wav48/p374/p374_064| 
wav48/p313/p313_219| 
wav48/p304/p304_379| 
wav48/p313/p313_319| 
wav48/p251/p251_027| 
wav48/p316/p316_076| 
wav48/p316/p316_420| 
wav48/p316/p316_028| 
wav48/p229/p229_047| 
wav48/p297/p297_406| 
wav48/p374/p374_297| 
wav48/p249/p249_207| 
wav48/p293/p293_216| 
wav48/p323/p323_171| 
wav48/p301/p301_131| 
wav48/p323/p323_026| 
wav48/p313/p313_101| 
wav48/p297/p297_099| 
wav48/p323/p323_413| 
wav48/p323/p323_010| 
wav48/p229/p229_391| 
wav48/p313/p313_322| 
wav48/p249/p249_332| 
wav48/p304/p304_393| 
wav48/p374/p374_078| 
wav48/p293/p293_230| 
wav48/p297/p297_195| 
wav48/p229/p229_347| 
wav48/p374/p374_360| 
wav48/p316/p316_276| 
wav48/p251/p251_097| 
wav48/p297/p297_122| 
wav48/p313/p313_376| 
wav48/p316/p316_278| 
wav48/p293/p293_308| 
wav48/p374/p374_334| 
wav48/p297/p297_041| 
wav48/p323/p323_027| 
wav48/p251/p251_009| 
wav48/p293/p293_229| 
wav48/p297/p297_183| 
wav48/p251/p251_356| 
wav48/p297/p297_175| 
wav48/p374/p374_016| 
wav48/p297/p297_259| 
wav48/p323/p323_050| 
wav48/p316/p316_265| 
wav48/p304/p304_198| 
wav48/p313/p313_077| 
wav48/p316/p316_373| 
wav48/p293/p293_269| 
wav48/p316/p316_347| 
wav48/p323/p323_375| 
wav48/p313/p313_075| 
wav48/p304/p304_193| 
wav48/p249/p249_079| 
wav48/p316/p316_114| 
wav48/p293/p293_348| 
wav48/p229/p229_005| 
wav48/p249/p249_135| 
wav48/p313/p313_158| 
wav48/p301/p301_197| 
wav48/p316/p316_342| 
wav48/p251/p251_211| 
wav48/p304/p304_051| 
wav48/p293/p293_213| 
wav48/p301/p301_311| 
wav48/p251/p251_042| 
wav48/p323/p323_209| 
wav48/p301/p301_284| 
wav48/p374/p374_146| 
wav48/p304/p304_011| 
wav48/p293/p293_275| 
wav48/p374/p374_011| 
wav48/p323/p323_087| 
wav48/p249/p249_235| 
wav48/p293/p293_339| 
wav48/p313/p313_060| 
wav48/p313/p313_181| 
wav48/p251/p251_213| 
wav48/p316/p316_190| 
wav48/p293/p293_152| 
wav48/p313/p313_275| 
wav48/p374/p374_189| 
wav48/p297/p297_082| 
wav48/p313/p313_003| 
wav48/p229/p229_095| 
wav48/p304/p304_316| 
wav48/p323/p323_399| 
wav48/p313/p313_247| 
wav48/p374/p374_375| 
wav48/p229/p229_256| 
wav48/p374/p374_281| 
wav48/p316/p316_341| 
wav48/p229/p229_380| 
wav48/p313/p313_307| 
wav48/p229/p229_334| 
wav48/p323/p323_029| 
wav48/p316/p316_409| 
wav48/p374/p374_179| 
wav48/p374/p374_372| 
wav48/p251/p251_188| 
wav48/p251/p251_064| 
wav48/p229/p229_050| 
wav48/p249/p249_182| 
wav48/p251/p251_104| 
wav48/p229/p229_304| 
wav48/p301/p301_199| 
wav48/p297/p297_028| 
wav48/p249/p249_335| 
wav48/p251/p251_270| 
wav48/p316/p316_064| 
wav48/p249/p249_083| 
wav48/p374/p374_287| 
wav48/p249/p249_120| 
wav48/p301/p301_312| 
wav48/p316/p316_390| 
wav48/p323/p323_227| 
wav48/p249/p249_073| 
wav48/p304/p304_281| 
wav48/p304/p304_177| 
wav48/p229/p229_342| 
wav48/p301/p301_029| 
wav48/p304/p304_229| 
wav48/p323/p323_158| 
wav48/p313/p313_341| 
wav48/p229/p229_354| 
wav48/p313/p313_013| 
wav48/p374/p374_310| 
wav48/p313/p313_237| 
wav48/p301/p301_196| 
wav48/p323/p323_208| 
wav48/p316/p316_073| 
wav48/p251/p251_110| 
wav48/p374/p374_093| 
wav48/p229/p229_060| 
wav48/p249/p249_150| 
wav48/p293/p293_218| 
wav48/p297/p297_075| 
wav48/p301/p301_378| 
wav48/p323/p323_267| 
wav48/p323/p323_253| 
wav48/p249/p249_225| 
wav48/p293/p293_131| 
wav48/p297/p297_080| 
wav48/p229/p229_384| 
wav48/p374/p374_110| 
wav48/p301/p301_343| 
wav48/p323/p323_131| 
wav48/p313/p313_107| 
wav48/p304/p304_312| 
wav48/p249/p249_047| 
wav48/p316/p316_199| 
wav48/p313/p313_421| 
wav48/p229/p229_352| 
wav48/p297/p297_279| 
wav48/p323/p323_229| 
wav48/p301/p301_266| 
wav48/p297/p297_266| 
wav48/p316/p316_044| 
wav48/p304/p304_028| 
wav48/p313/p313_117| 
wav48/p251/p251_308| 
wav48/p249/p249_336| 
wav48/p251/p251_183| 
wav48/p249/p249_256| 
wav48/p313/p313_180| 
wav48/p293/p293_223| 
wav48/p316/p316_309| 
wav48/p229/p229_129| 
wav48/p301/p301_262| 
wav48/p297/p297_364| 
wav48/p249/p249_027| 
wav48/p249/p249_034| 
wav48/p316/p316_337| 
wav48/p249/p249_340| 
wav48/p316/p316_181| 
wav48/p374/p374_209| 
wav48/p313/p313_363| 
wav48/p313/p313_206| 
wav48/p304/p304_191| 
wav48/p323/p323_013| 
wav48/p293/p293_387| 
wav48/p304/p304_230| 
wav48/p323/p323_240| 
wav48/p301/p301_153| 
wav48/p323/p323_358| 
wav48/p249/p249_329| 
wav48/p313/p313_171| 
wav48/p304/p304_320| 
wav48/p251/p251_218| 
wav48/p251/p251_219| 
wav48/p323/p323_130| 
wav48/p229/p229_197| 
wav48/p313/p313_213| 
wav48/p313/p313_343| 
wav48/p229/p229_143| 
wav48/p323/p323_264| 
wav48/p229/p229_351| 
wav48/p304/p304_114| 
wav48/p323/p323_243| 
wav48/p229/p229_038| 
wav48/p313/p313_063| 
wav48/p313/p313_004| 
wav48/p313/p313_336| 
wav48/p229/p229_127| 
wav48/p249/p249_033| 
wav48/p304/p304_089| 
wav48/p304/p304_382| 
wav48/p374/p374_238| 
wav48/p297/p297_056| 
wav48/p304/p304_004| 
wav48/p229/p229_164| 
wav48/p297/p297_161| 
wav48/p301/p301_249| 
wav48/p304/p304_091| 
wav48/p316/p316_365| 
wav48/p374/p374_313| 
wav48/p301/p301_213| 
wav48/p374/p374_206| 
wav48/p297/p297_314| 
wav48/p251/p251_298| 
wav48/p249/p249_086| 
wav48/p313/p313_054| 
wav48/p313/p313_267| 
wav48/p374/p374_150| 
wav48/p374/p374_183| 
wav48/p304/p304_165| 
wav48/p316/p316_338| 
wav48/p304/p304_030| 
wav48/p229/p229_125| 
wav48/p313/p313_360| 
wav48/p313/p313_033| 
wav48/p313/p313_403| 
wav48/p304/p304_137| 
wav48/p374/p374_342| 
wav48/p301/p301_242| 
wav48/p297/p297_223| 
wav48/p297/p297_184| 
wav48/p251/p251_311| 
wav48/p323/p323_094| 
wav48/p323/p323_228| 
wav48/p316/p316_383| 
wav48/p251/p251_373| 
wav48/p297/p297_256| 
wav48/p374/p374_312| 
wav48/p301/p301_319| 
wav48/p323/p323_105| 
wav48/p323/p323_125| 
wav48/p249/p249_049| 
wav48/p251/p251_199| 
wav48/p313/p313_329| 
wav48/p316/p316_260| 
wav48/p323/p323_109| 
wav48/p229/p229_239| 
wav48/p293/p293_023| 
wav48/p313/p313_068| 
wav48/p293/p293_187| 
wav48/p251/p251_013| 
wav48/p313/p313_217| 
wav48/p251/p251_250| 
wav48/p304/p304_111| 
wav48/p374/p374_339| 
wav48/p229/p229_293| 
wav48/p301/p301_334| 
wav48/p297/p297_211| 
wav48/p293/p293_127| 
wav48/p249/p249_067| 
wav48/p249/p249_076| 
wav48/p323/p323_052| 
wav48/p304/p304_068| 
wav48/p249/p249_111| 
wav48/p301/p301_220| 
wav48/p293/p293_010| 
wav48/p313/p313_148| 
wav48/p304/p304_143| 
wav48/p304/p304_377| 
wav48/p249/p249_018| 
wav48/p249/p249_061| 
wav48/p293/p293_226| 
wav48/p313/p313_224| 
wav48/p313/p313_129| 
wav48/p297/p297_258| 
wav48/p229/p229_170| 
wav48/p293/p293_033| 
wav48/p313/p313_166| 
wav48/p297/p297_289| 
wav48/p323/p323_303| 
wav48/p323/p323_283| 
wav48/p249/p249_254| 
wav48/p304/p304_340| 
wav48/p229/p229_091| 
wav48/p301/p301_368| 
wav48/p229/p229_112| 
wav48/p316/p316_120| 
wav48/p316/p316_227| 
wav48/p301/p301_301| 
wav48/p316/p316_144| 
wav48/p297/p297_179| 
wav48/p323/p323_336| 
wav48/p316/p316_395| 
wav48/p249/p249_347| 
wav48/p323/p323_162| 
wav48/p301/p301_212| 
wav48/p374/p374_040| 
wav48/p304/p304_047| 
wav48/p304/p304_098| 
wav48/p316/p316_221| 
wav48/p323/p323_122| 
wav48/p374/p374_113| 
wav48/p323/p323_225| 
wav48/p304/p304_310| 
wav48/p229/p229_201| 
wav48/p316/p316_168| 
wav48/p249/p249_060| 
wav48/p313/p313_030| 
wav48/p374/p374_412| 
wav48/p229/p229_225| 
wav48/p251/p251_312| 
wav48/p293/p293_243| 
wav48/p374/p374_255| 
wav48/p293/p293_154| 
wav48/p304/p304_360| 
wav48/p229/p229_349| 
wav48/p374/p374_163| 
wav48/p323/p323_046| 
wav48/p316/p316_045| 
wav48/p323/p323_238| 
wav48/p297/p297_017| 
wav48/p323/p323_092| 
wav48/p249/p249_299| 
wav48/p313/p313_024| 
wav48/p374/p374_166| 
wav48/p374/p374_387| 
wav48/p374/p374_235| 
wav48/p293/p293_317| 
wav48/p249/p249_284| 
wav48/p374/p374_259| 
wav48/p323/p323_379| 
wav48/p297/p297_035| 
wav48/p374/p374_056| 
wav48/p374/p374_394| 
wav48/p297/p297_124| 
wav48/p313/p313_191| 
wav48/p316/p316_271| 
wav48/p251/p251_332| 
wav48/p249/p249_036| 
wav48/p293/p293_214| 
wav48/p249/p249_163| 
wav48/p323/p323_056| 
wav48/p251/p251_239| 
wav48/p323/p323_345| 
wav48/p313/p313_040| 
wav48/p301/p301_019| 
wav48/p301/p301_129| 
wav48/p374/p374_067| 
wav48/p301/p301_152| 
wav48/p249/p249_144| 
wav48/p229/p229_029| 
wav48/p293/p293_183| 
wav48/p301/p301_175| 
wav48/p313/p313_177| 
wav48/p297/p297_172| 
wav48/p251/p251_073| 
wav48/p316/p316_266| 
wav48/p323/p323_274| 
wav48/p374/p374_019| 
wav48/p323/p323_057| 
wav48/p301/p301_274| 
wav48/p293/p293_168| 
wav48/p251/p251_247| 
wav48/p323/p323_115| 
wav48/p323/p323_357| 
wav48/p316/p316_091| 
wav48/p249/p249_286| 
wav48/p229/p229_183| 
wav48/p251/p251_068| 
wav48/p229/p229_066| 
wav48/p313/p313_078| 
wav48/p293/p293_111| 
wav48/p251/p251_240| 
wav48/p297/p297_012| 
wav48/p323/p323_065| 
wav48/p323/p323_411| 
wav48/p229/p229_312| 
wav48/p301/p301_324| 
wav48/p313/p313_124| 
wav48/p301/p301_066| 
wav48/p374/p374_407| 
wav48/p304/p304_348| 
wav48/p316/p316_251| 
wav48/p313/p313_079| 
wav48/p304/p304_333| 
wav48/p313/p313_288| 
wav48/p229/p229_043| 
wav48/p374/p374_193| 
wav48/p374/p374_018| 
wav48/p249/p249_020| 
wav48/p323/p323_323| 
wav48/p304/p304_082| 
wav48/p229/p229_104| 
wav48/p316/p316_026| 
wav48/p323/p323_032| 
wav48/p374/p374_343| 
wav48/p316/p316_294| 
wav48/p374/p374_176| 
wav48/p301/p301_355| 
wav48/p316/p316_223| 
wav48/p374/p374_323| 
wav48/p304/p304_093| 
wav48/p301/p301_236| 
wav48/p229/p229_026| 
wav48/p313/p313_349| 
wav48/p304/p304_158| 
wav48/p316/p316_113| 
wav48/p249/p249_316| 
wav48/p316/p316_031| 
wav48/p249/p249_075| 
wav48/p316/p316_142| 
wav48/p304/p304_279| 
wav48/p374/p374_031| 
wav48/p297/p297_236| 
wav48/p251/p251_051| 
wav48/p313/p313_132| 
wav48/p316/p316_360| 
wav48/p249/p249_342| 
wav48/p229/p229_004| 
wav48/p301/p301_259| 
wav48/p301/p301_137| 
wav48/p297/p297_414| 
wav48/p293/p293_074| 
wav48/p293/p293_388| 
wav48/p304/p304_036| 
wav48/p297/p297_232| 
wav48/p374/p374_135| 
wav48/p293/p293_203| 
wav48/p304/p304_184| 
wav48/p323/p323_082| 
wav48/p323/p323_318| 
wav48/p249/p249_023| 
wav48/p323/p323_293| 
wav48/p249/p249_167| 
wav48/p323/p323_183| 
wav48/p374/p374_396| 
wav48/p323/p323_088| 
wav48/p301/p301_255| 
wav48/p316/p316_002| 
wav48/p293/p293_328| 
wav48/p249/p249_154| 
wav48/p316/p316_218| 
wav48/p297/p297_133| 
wav48/p304/p304_232| 
wav48/p316/p316_297| 
wav48/p293/p293_176| 
wav48/p313/p313_414| 
wav48/p301/p301_045| 
wav48/p313/p313_248| 
wav48/p323/p323_124| 
wav48/p297/p297_392| 
wav48/p323/p323_049| 
wav48/p323/p323_054| 
wav48/p229/p229_216| 
wav48/p229/p229_086| 
wav48/p297/p297_203| 
wav48/p323/p323_405| 
wav48/p316/p316_306| 
wav48/p249/p249_064| 
wav48/p229/p229_309| 
wav48/p249/p249_186| 
wav48/p323/p323_370| 
wav48/p301/p301_379| 
wav48/p323/p323_093| 
wav48/p313/p313_302| 
wav48/p229/p229_013| 
wav48/p323/p323_387| 
wav48/p374/p374_318| 
wav48/p316/p316_104| 
wav48/p293/p293_194| 
wav48/p297/p297_274| 
wav48/p316/p316_186| 
wav48/p316/p316_408| 
wav48/p229/p229_182| 
wav48/p229/p229_123| 
wav48/p229/p229_277| 
wav48/p313/p313_140| 
wav48/p323/p323_058| 
wav48/p251/p251_184| 
wav48/p297/p297_152| 
wav48/p297/p297_219| 
wav48/p297/p297_356| 
wav48/p293/p293_248| 
wav48/p229/p229_078| 
wav48/p251/p251_333| 
wav48/p301/p301_036| 
wav48/p297/p297_341| 
wav48/p301/p301_014| 
wav48/p374/p374_212| 
wav48/p249/p249_140| 
wav48/p251/p251_142| 
wav48/p313/p313_236| 
wav48/p313/p313_023| 
wav48/p374/p374_381| 
wav48/p316/p316_171| 
wav48/p323/p323_017| 
wav48/p316/p316_295| 
wav48/p316/p316_257| 
wav48/p249/p249_046| 
wav48/p316/p316_256| 
wav48/p323/p323_157| 
wav48/p304/p304_022| 
wav48/p304/p304_410| 
wav48/p251/p251_214| 
wav48/p304/p304_220| 
wav48/p323/p323_188| 
wav48/p304/p304_063| 
wav48/p313/p313_119| 
wav48/p316/p316_161| 
wav48/p293/p293_199| 
wav48/p313/p313_279| 
wav48/p301/p301_149| 
wav48/p304/p304_144| 
wav48/p251/p251_162| 
wav48/p316/p316_351| 
wav48/p249/p249_190| 
wav48/p316/p316_422| 
wav48/p301/p301_056| 
wav48/p301/p301_081| 
wav48/p316/p316_324| 
wav48/p304/p304_354| 
wav48/p293/p293_237| 
wav48/p251/p251_109| 
wav48/p229/p229_025| 
wav48/p249/p249_104| 
wav48/p316/p316_089| 
wav48/p249/p249_331| 
wav48/p293/p293_272| 
wav48/p229/p229_313| 
wav48/p297/p297_330| 
wav48/p229/p229_097| 
wav48/p374/p374_400| 
wav48/p313/p313_099| 
wav48/p316/p316_160| 
wav48/p316/p316_125| 
wav48/p304/p304_225| 
wav48/p304/p304_127| 
wav48/p297/p297_293| 
wav48/p304/p304_009| 
wav48/p316/p316_109| 
wav48/p297/p297_369| 
wav48/p293/p293_366| 
wav48/p229/p229_294| 
wav48/p251/p251_034| 
wav48/p229/p229_008| 
wav48/p229/p229_019| 
wav48/p374/p374_279| 
wav48/p374/p374_393| 
wav48/p323/p323_236| 
wav48/p293/p293_105| 
wav48/p304/p304_183| 
wav48/p374/p374_158| 
wav48/p251/p251_130| 
wav48/p323/p323_337| 
wav48/p249/p249_243| 
wav48/p229/p229_338| 
wav48/p297/p297_039| 
wav48/p313/p313_155| 
wav48/p313/p313_154| 
wav48/p316/p316_406| 
wav48/p316/p316_059| 
wav48/p301/p301_048| 
wav48/p313/p313_005| 
wav48/p297/p297_164| 
wav48/p374/p374_398| 
wav48/p316/p316_328| 
wav48/p316/p316_320| 
wav48/p374/p374_385| 
wav48/p301/p301_031| 
wav48/p293/p293_057| 
wav48/p313/p313_057| 
wav48/p313/p313_246| 
wav48/p304/p304_130| 
wav48/p251/p251_014| 
wav48/p304/p304_102| 
wav48/p323/p323_350| 
wav48/p293/p293_085| 
wav48/p313/p313_240| 
wav48/p251/p251_233| 
wav48/p374/p374_307| 
wav48/p313/p313_291| 
wav48/p297/p297_149| 
wav48/p316/p316_049| 
wav48/p251/p251_067| 
wav48/p316/p316_165| 
wav48/p249/p249_327| 
wav48/p374/p374_419| 
wav48/p316/p316_115| 
wav48/p374/p374_042| 
wav48/p249/p249_128| 
wav48/p313/p313_270| 
wav48/p297/p297_329| 
wav48/p304/p304_367| 
wav48/p251/p251_137| 
wav48/p301/p301_076| 
wav48/p313/p313_066| 
wav48/p374/p374_305| 
wav48/p301/p301_336| 
wav48/p374/p374_383| 
wav48/p316/p316_158| 
wav48/p251/p251_032| 
wav48/p313/p313_172| 
wav48/p313/p313_056| 
wav48/p374/p374_347| 
wav48/p323/p323_327| 
wav48/p323/p323_371| 
wav48/p316/p316_332| 
wav48/p297/p297_298| 
wav48/p297/p297_015| 
wav48/p316/p316_353| 
wav48/p304/p304_083| 
wav48/p301/p301_269| 
wav48/p229/p229_376| 
wav48/p313/p313_139| 
wav48/p316/p316_133| 
wav48/p304/p304_384| 
wav48/p249/p249_090| 
wav48/p323/p323_100| 
wav48/p313/p313_186| 
wav48/p293/p293_125| 
wav48/p297/p297_408| 
wav48/p297/p297_241| 
wav48/p297/p297_104| 
wav48/p323/p323_276| 
wav48/p251/p251_125| 
wav48/p304/p304_236| 
wav48/p304/p304_290| 
wav48/p304/p304_411| 
wav48/p301/p301_052| 
wav48/p301/p301_090| 
wav48/p304/p304_283| 
wav48/p316/p316_075| 
wav48/p297/p297_127| 
wav48/p297/p297_185| 
wav48/p251/p251_365| 
wav48/p293/p293_045| 
wav48/p251/p251_274| 
wav48/p293/p293_331| 
wav48/p251/p251_367| 
wav48/p374/p374_171| 
wav48/p293/p293_115| 
wav48/p251/p251_331| 
wav48/p313/p313_395| 
wav48/p323/p323_145| 
wav48/p251/p251_063| 
wav48/p313/p313_264| 
wav48/p313/p313_233| 
wav48/p304/p304_311| 
wav48/p304/p304_369| 
wav48/p313/p313_001| 
wav48/p301/p301_058| 
wav48/p249/p249_213| 
wav48/p316/p316_402| 
wav48/p229/p229_030| 
wav48/p313/p313_227| 
wav48/p304/p304_368| 
wav48/p313/p313_029| 
wav48/p249/p249_173| 
wav48/p374/p374_112| 
wav48/p316/p316_369| 
wav48/p301/p301_268| 
wav48/p304/p304_394| 
wav48/p313/p313_243| 
wav48/p304/p304_148| 
wav48/p229/p229_290| 
wav48/p316/p316_232| 
wav48/p374/p374_039| 
wav48/p304/p304_199| 
wav48/p304/p304_212| 
wav48/p301/p301_349| 
wav48/p304/p304_059| 
wav48/p229/p229_248| 
wav48/p251/p251_226| 
wav48/p229/p229_365| 
wav48/p304/p304_334| 
wav48/p316/p316_069| 
wav48/p301/p301_190| 
wav48/p304/p304_086| 
wav48/p313/p313_342| 
wav48/p316/p316_212| 
wav48/p251/p251_268| 
wav48/p301/p301_257| 
wav48/p374/p374_298| 
wav48/p251/p251_324| 
wav48/p251/p251_151| 
wav48/p293/p293_271| 
wav48/p313/p313_290| 
wav48/p304/p304_040| 
wav48/p304/p304_045| 
wav48/p313/p313_011| 
wav48/p297/p297_310| 
wav48/p249/p249_068| 
wav48/p313/p313_035| 
wav48/p301/p301_135| 
wav48/p374/p374_401| 
wav48/p297/p297_146| 
wav48/p323/p323_245| 
wav48/p313/p313_173| 
wav48/p313/p313_093| 
wav48/p313/p313_086| 
wav48/p301/p301_097| 
wav48/p313/p313_262| 
wav48/p301/p301_088| 
wav48/p293/p293_077| 
wav48/p297/p297_391| 
wav48/p249/p249_314| 
wav48/p249/p249_259| 
wav48/p316/p316_284| 
wav48/p297/p297_247| 
wav48/p304/p304_401| 
wav48/p313/p313_344| 
wav48/p251/p251_029| 
wav48/p251/p251_018| 
wav48/p374/p374_027| 
wav48/p304/p304_322| 
wav48/p313/p313_232| 
wav48/p316/p316_101| 
wav48/p313/p313_096| 
wav48/p293/p293_310| 
wav48/p249/p249_197| 
wav48/p249/p249_300| 
wav48/p293/p293_119| 
wav48/p229/p229_236| 
wav48/p297/p297_396| 
wav48/p301/p301_164| 
wav48/p316/p316_068| 
wav48/p301/p301_109| 
wav48/p316/p316_415| 
wav48/p229/p229_133| 
wav48/p229/p229_252| 
wav48/p374/p374_315| 
wav48/p313/p313_412| 
wav48/p229/p229_361| 
wav48/p229/p229_285| 
wav48/p316/p316_274| 
wav48/p251/p251_119| 
wav48/p313/p313_170| 
wav48/p304/p304_072| 
wav48/p313/p313_327| 
wav48/p301/p301_204| 
wav48/p374/p374_054| 
wav48/p304/p304_065| 
wav48/p229/p229_102| 
wav48/p229/p229_270| 
wav48/p249/p249_069| 
wav48/p323/p323_165| 
wav48/p323/p323_212| 
wav48/p251/p251_351| 
wav48/p316/p316_052| 
wav48/p249/p249_031| 
wav48/p251/p251_066| 
wav48/p293/p293_244| 
wav48/p374/p374_327| 
wav48/p301/p301_331| 
wav48/p304/p304_330| 
wav48/p301/p301_258| 
wav48/p293/p293_170| 
wav48/p374/p374_392| 
wav48/p251/p251_190| 
wav48/p323/p323_090| 
wav48/p301/p301_072| 
wav48/p293/p293_173| 
wav48/p374/p374_288| 
wav48/p323/p323_123| 
wav48/p304/p304_090| 
wav48/p297/p297_081| 
wav48/p293/p293_148| 
wav48/p301/p301_232| 
wav48/p251/p251_037| 
wav48/p293/p293_097| 
wav48/p323/p323_009| 
wav48/p316/p316_318| 
wav48/p313/p313_163| 
wav48/p301/p301_118| 
wav48/p297/p297_170| 
wav48/p301/p301_341| 
wav48/p293/p293_020| 
wav48/p304/p304_407| 
wav48/p301/p301_224| 
wav48/p323/p323_147| 
wav48/p297/p297_043| 
wav48/p374/p374_073| 
wav48/p297/p297_352| 
wav48/p323/p323_025| 
wav48/p374/p374_075| 
wav48/p229/p229_253| 
wav48/p323/p323_024| 
wav48/p249/p249_155| 
wav48/p316/p316_334| 
wav48/p293/p293_063| 
wav48/p297/p297_055| 
wav48/p323/p323_235| 
wav48/p301/p301_022| 
wav48/p297/p297_227| 
wav48/p304/p304_374| 
wav48/p313/p313_152| 
wav48/p229/p229_132| 
wav48/p293/p293_116| 
wav48/p293/p293_217| 
wav48/p293/p293_026| 
wav48/p304/p304_096| 
wav48/p316/p316_394| 
wav48/p374/p374_359| 
wav48/p374/p374_316| 
wav48/p323/p323_333| 
wav48/p251/p251_344| 
wav48/p313/p313_036| 
wav48/p251/p251_267| 
wav48/p323/p323_022| 
wav48/p301/p301_192| 
wav48/p304/p304_054| 
wav48/p229/p229_137| 
wav48/p301/p301_229| 
wav48/p304/p304_138| 
wav48/p313/p313_178| 
wav48/p316/p316_247| 
wav48/p251/p251_271| 
wav48/p313/p313_392| 
wav48/p323/p323_176| 
wav48/p304/p304_108| 
wav48/p251/p251_108| 
wav48/p323/p323_126| 
wav48/p323/p323_044| 
wav48/p249/p249_005| 
wav48/p251/p251_253| 
wav48/p301/p301_050| 
wav48/p229/p229_324| 
wav48/p316/p316_414| 
wav48/p374/p374_256| 
wav48/p316/p316_129| 
wav48/p323/p323_338| 
wav48/p249/p249_236| 
wav48/p251/p251_007| 
wav48/p249/p249_297| 
wav48/p313/p313_321| 
wav48/p251/p251_288| 
wav48/p374/p374_083| 
wav48/p301/p301_098| 
wav48/p316/p316_222| 
wav48/p293/p293_056| 
wav48/p301/p301_239| 
wav48/p297/p297_301| 
wav48/p304/p304_075| 
wav48/p249/p249_274| 
wav48/p251/p251_263| 
wav48/p251/p251_158| 
wav48/p313/p313_038| 
wav48/p249/p249_269| 
wav48/p251/p251_123| 
wav48/p301/p301_150| 
wav48/p293/p293_274| 
wav48/p297/p297_220| 
wav48/p304/p304_014| 
wav48/p293/p293_395| 
wav48/p374/p374_087| 
wav48/p251/p251_197| 
wav48/p313/p313_320| 
wav48/p229/p229_336| 
wav48/p301/p301_358| 
wav48/p304/p304_398| 
wav48/p301/p301_354| 
wav48/p293/p293_385| 
wav48/p313/p313_339| 
wav48/p293/p293_358| 
wav48/p374/p374_038| 
wav48/p249/p249_178| 
wav48/p249/p249_164| 
wav48/p251/p251_071| 
wav48/p297/p297_188| 
wav48/p297/p297_405| 
wav48/p249/p249_159| 
wav48/p301/p301_201| 
wav48/p293/p293_089| 
wav48/p313/p313_055| 
wav48/p313/p313_369| 
wav48/p251/p251_236| 
wav48/p229/p229_059| 
wav48/p316/p316_285| 
wav48/p304/p304_060| 
wav48/p293/p293_396| 
wav48/p316/p316_319| 
wav48/p301/p301_174| 
wav48/p374/p374_283| 
wav48/p293/p293_312| 
wav48/p316/p316_105| 
wav48/p249/p249_318| 
wav48/p301/p301_325| 
wav48/p251/p251_241| 
wav48/p304/p304_389| 
wav48/p313/p313_263| 
wav48/p304/p304_386| 
wav48/p323/p323_310| 
wav48/p313/p313_419| 
wav48/p251/p251_140| 
wav48/p249/p249_267| 
wav48/p293/p293_293| 
wav48/p313/p313_326| 
wav48/p251/p251_118| 
wav48/p304/p304_034| 
wav48/p229/p229_296| 
wav48/p304/p304_319| 
wav48/p374/p374_356| 
wav48/p293/p293_099| 
wav48/p316/p316_304| 
wav48/p316/p316_191| 
wav48/p316/p316_317| 
wav48/p316/p316_006| 
wav48/p297/p297_030| 
wav48/p293/p293_252| 
wav48/p374/p374_172| 
wav48/p304/p304_139| 
wav48/p304/p304_115| 
wav48/p323/p323_259| 
wav48/p374/p374_230| 
wav48/p249/p249_063| 
wav48/p301/p301_124| 
wav48/p316/p316_065| 
wav48/p323/p323_271| 
wav48/p229/p229_353| 
wav48/p323/p323_414| 
wav48/p251/p251_087| 
wav48/p323/p323_340| 
wav48/p297/p297_182| 
wav48/p229/p229_259| 
wav48/p293/p293_047| 
wav48/p297/p297_245| 
wav48/p293/p293_362| 
wav48/p316/p316_283| 
wav48/p229/p229_093| 
wav48/p297/p297_138| 
wav48/p229/p229_224| 
wav48/p304/p304_404| 
wav48/p251/p251_243| 
wav48/p374/p374_402| 
wav48/p374/p374_215| 
wav48/p293/p293_037| 
wav48/p293/p293_138| 
wav48/p251/p251_200| 
wav48/p301/p301_051| 
wav48/p229/p229_108| 
wav48/p297/p297_177| 
wav48/p251/p251_062| 
wav48/p251/p251_111| 
wav48/p251/p251_232| 
wav48/p293/p293_066| 
wav48/p313/p313_364| 
wav48/p316/p316_061| 
wav48/p249/p249_354| 
wav48/p297/p297_036| 
wav48/p293/p293_109| 
wav48/p229/p229_124| 
wav48/p316/p316_275| 
wav48/p301/p301_346| 
wav48/p313/p313_090| 
wav48/p323/p323_148| 
wav48/p301/p301_191| 
wav48/p304/p304_087| 
wav48/p229/p229_035| 
wav48/p313/p313_407| 
wav48/p374/p374_036| 
wav48/p374/p374_076| 
wav48/p374/p374_225| 
wav48/p249/p249_304| 
wav48/p297/p297_311| 
wav48/p323/p323_322| 
wav48/p323/p323_256| 
wav48/p374/p374_250| 
wav48/p293/p293_001| 
wav48/p323/p323_159| 
wav48/p251/p251_065| 
wav48/p229/p229_096| 
wav48/p316/p316_220| 
wav48/p313/p313_259| 
wav48/p301/p301_285| 
wav48/p249/p249_166| 
wav48/p323/p323_262| 
wav48/p316/p316_140| 
wav48/p297/p297_225| 
wav48/p251/p251_025| 
wav48/p313/p313_382| 
wav48/p313/p313_253| 
wav48/p304/p304_277| 
wav48/p297/p297_323| 
wav48/p301/p301_100| 
wav48/p301/p301_384| 
wav48/p316/p316_321| 
wav48/p316/p316_213| 
wav48/p301/p301_122| 
wav48/p316/p316_086| 
wav48/p313/p313_221| 
wav48/p304/p304_077| 
wav48/p301/p301_179| 
wav48/p297/p297_257| 
wav48/p316/p316_259| 
wav48/p323/p323_005| 
wav48/p313/p313_168| 
wav48/p313/p313_103| 
wav48/p229/p229_250| 
wav48/p293/p293_107| 
wav48/p313/p313_365| 
wav48/p316/p316_166| 
wav48/p374/p374_174| 
wav48/p304/p304_142| 
wav48/p251/p251_041| 
wav48/p374/p374_151| 
wav48/p249/p249_172| 
wav48/p323/p323_363| 
wav48/p323/p323_326| 
wav48/p249/p249_146| 
wav48/p297/p297_063| 
wav48/p293/p293_345| 
wav48/p293/p293_268| 
wav48/p323/p323_218| 
wav48/p251/p251_353| 
wav48/p374/p374_415| 
wav48/p313/p313_405| 
wav48/p251/p251_061| 
wav48/p293/p293_124| 
wav48/p293/p293_231| 
wav48/p301/p301_398| 
wav48/p251/p251_317| 
wav48/p374/p374_180| 
wav48/p293/p293_206| 
wav48/p301/p301_320| 
wav48/p316/p316_126| 
wav48/p374/p374_267| 
wav48/p229/p229_174| 
wav48/p297/p297_038| 
wav48/p304/p304_131| 
wav48/p249/p249_056| 
wav48/p374/p374_084| 
wav48/p316/p316_119| 
wav48/p251/p251_202| 
wav48/p301/p301_028| 
wav48/p297/p297_090| 
wav48/p229/p229_254| 
wav48/p323/p323_252| 
wav48/p297/p297_333| 
wav48/p374/p374_261| 
wav48/p251/p251_290| 
wav48/p304/p304_242| 
wav48/p293/p293_251| 
wav48/p316/p316_397| 
wav48/p251/p251_094| 
wav48/p301/p301_037| 
wav48/p293/p293_051| 
wav48/p304/p304_120| 
wav48/p316/p316_098| 
wav48/p297/p297_150| 
wav48/p304/p304_154| 
wav48/p304/p304_043| 
wav48/p304/p304_292| 
wav48/p316/p316_151| 
wav48/p316/p316_363| 
wav48/p293/p293_005| 
wav48/p313/p313_282| 
wav48/p229/p229_180| 
wav48/p316/p316_017| 
wav48/p313/p313_141| 
wav48/p293/p293_323| 
wav48/p293/p293_041| 
wav48/p297/p297_355| 
wav48/p313/p313_260| 
wav48/p249/p249_105| 
wav48/p297/p297_009| 
wav48/p249/p249_185| 
wav48/p251/p251_318| 
wav48/p313/p313_088| 
wav48/p301/p301_306| 
wav48/p313/p313_127| 
wav48/p374/p374_066| 
wav48/p297/p297_327| 
wav48/p301/p301_169| 
wav48/p249/p249_350| 
wav48/p323/p323_136| 
wav48/p301/p301_113| 
wav48/p229/p229_153| 
wav48/p249/p249_281| 
wav48/p301/p301_303| 
wav48/p374/p374_155| 
wav48/p304/p304_305| 
wav48/p304/p304_172| 
wav48/p297/p297_093| 
wav48/p374/p374_195| 
wav48/p301/p301_060| 
wav48/p293/p293_104| 
wav48/p297/p297_174| 
wav48/p304/p304_376| 
wav48/p316/p316_357| 
wav48/p297/p297_284| 
wav48/p374/p374_120| 
wav48/p301/p301_184| 
wav48/p323/p323_324| 
wav48/p301/p301_307| 
wav48/p323/p323_139| 
wav48/p249/p249_204| 
wav48/p293/p293_055| 
wav48/p293/p293_257| 
wav48/p249/p249_248| 
wav48/p251/p251_141| 
wav48/p304/p304_038| 
wav48/p301/p301_012| 
wav48/p249/p249_196| 
wav48/p229/p229_134| 
wav48/p374/p374_100| 
wav48/p297/p297_061| 
wav48/p249/p249_298| 
wav48/p301/p301_151| 
wav48/p297/p297_151| 
wav48/p304/p304_327| 
wav48/p229/p229_173| 
wav48/p229/p229_126| 
wav48/p249/p249_291| 
wav48/p229/p229_118| 
wav48/p374/p374_126| 
wav48/p316/p316_346| 
wav48/p301/p301_070| 
wav48/p297/p297_054| 
wav48/p374/p374_131| 
wav48/p304/p304_056| 
wav48/p249/p249_326| 
wav48/p293/p293_034| 
wav48/p249/p249_226| 
wav48/p313/p313_150| 
wav48/p297/p297_248| 
wav48/p374/p374_410| 
wav48/p251/p251_044| 
wav48/p316/p316_303| 
wav48/p313/p313_318| 
wav48/p251/p251_357| 
wav48/p304/p304_053| 
wav48/p374/p374_091| 
wav48/p304/p304_197| 
wav48/p374/p374_005| 
wav48/p323/p323_181| 
wav48/p316/p316_078| 
wav48/p374/p374_111| 
wav48/p304/p304_104| 
wav48/p229/p229_297| 
wav48/p316/p316_046| 
wav48/p251/p251_302| 
wav48/p251/p251_089| 
wav48/p313/p313_255| 
wav48/p293/p293_175| 
wav48/p293/p293_363| 
wav48/p301/p301_254| 
wav48/p301/p301_328| 
wav48/p304/p304_405| 
wav48/p297/p297_305| 
wav48/p297/p297_005| 
wav48/p229/p229_136| 
wav48/p313/p313_050| 
wav48/p304/p304_084| 
wav48/p229/p229_162| 
wav48/p249/p249_341| 
wav48/p293/p293_391| 
wav48/p323/p323_266| 
wav48/p323/p323_369| 
wav48/p293/p293_130| 
wav48/p313/p313_368| 
wav48/p304/p304_421| 
wav48/p249/p249_039| 
wav48/p297/p297_003| 
wav48/p304/p304_013| 
wav48/p301/p301_205| 
wav48/p297/p297_398| 
wav48/p293/p293_157| 
wav48/p313/p313_147| 
wav48/p229/p229_159| 
wav48/p229/p229_230| 
wav48/p316/p316_206| 
wav48/p249/p249_059| 
wav48/p316/p316_372| 
wav48/p304/p304_008| 
wav48/p313/p313_214| 
wav48/p316/p316_162| 
wav48/p293/p293_134| 
wav48/p313/p313_201| 
wav48/p323/p323_195| 
wav48/p301/p301_237| 
wav48/p251/p251_330| 
wav48/p229/p229_233| 
wav48/p323/p323_083| 
wav48/p313/p313_202| 
wav48/p374/p374_338| 
wav48/p313/p313_211| 
wav48/p249/p249_165| 
wav48/p293/p293_102| 
wav48/p316/p316_178| 
wav48/p297/p297_404| 
wav48/p374/p374_224| 
wav48/p293/p293_083| 
wav48/p316/p316_174| 
wav48/p301/p301_389| 
wav48/p374/p374_324| 
wav48/p301/p301_119| 
wav48/p251/p251_273| 
wav48/p313/p313_039| 
wav48/p293/p293_093| 
wav48/p297/p297_098| 
wav48/p251/p251_049| 
wav48/p251/p251_359| 
wav48/p297/p297_159| 
wav48/p229/p229_346| 
wav48/p297/p297_302| 
wav48/p374/p374_102| 
wav48/p297/p297_300| 
wav48/p374/p374_133| 
wav48/p229/p229_168| 
wav48/p304/p304_298| 
wav48/p249/p249_055| 
wav48/p297/p297_320| 
wav48/p297/p297_286| 
wav48/p251/p251_152| 
wav48/p251/p251_246| 
wav48/p313/p313_151| 
wav48/p374/p374_265| 
wav48/p251/p251_040| 
wav48/p374/p374_103| 
wav48/p374/p374_096| 
wav48/p297/p297_304| 
wav48/p251/p251_259| 
wav48/p316/p316_229| 
wav48/p297/p297_321| 
wav48/p304/p304_335| 
wav48/p374/p374_132| 
wav48/p229/p229_301| 
wav48/p293/p293_014| 
wav48/p297/p297_192| 
wav48/p229/p229_223| 
wav48/p297/p297_209| 
wav48/p293/p293_365| 
wav48/p316/p316_005| 
wav48/p304/p304_296| 
wav48/p323/p323_193| 
wav48/p374/p374_015| 
wav48/p297/p297_132| 
wav48/p251/p251_256| 
wav48/p316/p316_258| 
wav48/p374/p374_270| 
wav48/p313/p313_274| 
wav48/p374/p374_118| 
wav48/p374/p374_210| 
wav48/p374/p374_149| 
wav48/p251/p251_150| 
wav48/p323/p323_241| 
wav48/p229/p229_010| 
wav48/p323/p323_232| 
wav48/p301/p301_348| 
wav48/p374/p374_269| 
wav48/p301/p301_121| 
wav48/p374/p374_139| 
wav48/p313/p313_296| 
wav48/p297/p297_148| 
wav48/p323/p323_119| 
wav48/p249/p249_057| 
wav48/p374/p374_273| 
wav48/p229/p229_310| 
wav48/p301/p301_163| 
wav48/p301/p301_020| 
wav48/p323/p323_194| 
wav48/p313/p313_125| 
wav48/p229/p229_079| 
wav48/p313/p313_293| 
wav48/p249/p249_261| 
wav48/p251/p251_059| 
wav48/p313/p313_126| 
wav48/p251/p251_083| 
wav48/p374/p374_196| 
wav48/p297/p297_153| 
wav48/p313/p313_156| 
wav48/p301/p301_134| 
wav48/p293/p293_236| 
wav48/p251/p251_327| 
wav48/p316/p316_279| 
wav48/p316/p316_296| 
wav48/p304/p304_041| 
wav48/p301/p301_038| 
wav48/p301/p301_068| 
wav48/p301/p301_043| 
wav48/p293/p293_136| 
wav48/p293/p293_087| 
wav48/p249/p249_130| 
wav48/p323/p323_071| 
wav48/p249/p249_037| 
wav48/p249/p249_070| 
wav48/p293/p293_306| 
wav48/p316/p316_330| 
wav48/p293/p293_106| 
wav48/p229/p229_210| 
wav48/p323/p323_114| 
wav48/p304/p304_018| 
wav48/p293/p293_050| 
wav48/p249/p249_088| 
wav48/p304/p304_414| 
wav48/p316/p316_071| 
wav48/p304/p304_266| 
wav48/p374/p374_349| 
wav48/p249/p249_147| 
wav48/p374/p374_204| 
wav48/p293/p293_313| 
wav48/p304/p304_196| 
wav48/p301/p301_085| 
wav48/p374/p374_143| 
wav48/p251/p251_078| 
wav48/p304/p304_055| 
wav48/p374/p374_022| 
wav48/p374/p374_177| 
wav48/p304/p304_046| 
wav48/p374/p374_384| 
wav48/p301/p301_059| 
wav48/p249/p249_272| 
wav48/p313/p313_194| 
wav48/p251/p251_234| 
wav48/p251/p251_146| 
wav48/p229/p229_062| 
wav48/p249/p249_030| 
wav48/p251/p251_090| 
wav48/p251/p251_120| 
wav48/p323/p323_296| 
wav48/p316/p316_110| 
wav48/p249/p249_042| 
wav48/p313/p313_324| 
wav48/p316/p316_345| 
wav48/p374/p374_010| 
wav48/p316/p316_331| 
wav48/p323/p323_231| 
wav48/p301/p301_054| 
wav48/p313/p313_043| 
wav48/p297/p297_084| 
wav48/p251/p251_283| 
wav48/p316/p316_164| 
wav48/p251/p251_230| 
wav48/p297/p297_074| 
wav48/p293/p293_384| 
wav48/p249/p249_054| 
wav48/p293/p293_278| 
wav48/p304/p304_039| 
wav48/p251/p251_124| 
wav48/p251/p251_080| 
wav48/p304/p304_050| 
wav48/p316/p316_375| 
wav48/p323/p323_416| 
wav48/p323/p323_250| 
wav48/p293/p293_393| 
wav48/p293/p293_380| 
wav48/p301/p301_221| 
wav48/p297/p297_278| 
wav48/p293/p293_140| 
wav48/p304/p304_286| 
wav48/p297/p297_270| 
wav48/p304/p304_343| 
wav48/p304/p304_300| 
wav48/p293/p293_009| 
wav48/p313/p313_235| 
wav48/p249/p249_292| 
wav48/p374/p374_148| 
wav48/p297/p297_165| 
wav48/p249/p249_268| 
wav48/p313/p313_284| 
wav48/p316/p316_117| 
wav48/p304/p304_403| 
wav48/p304/p304_101| 
wav48/p323/p323_045| 
wav48/p374/p374_108| 
wav48/p293/p293_326| 
wav48/p316/p316_009| 
wav48/p297/p297_342| 
wav48/p301/p301_391| 
wav48/p374/p374_422| 
wav48/p323/p323_317| 
wav48/p316/p316_240| 
wav48/p229/p229_044| 
wav48/p304/p304_112| 
wav48/p304/p304_264| 
wav48/p374/p374_029| 
wav48/p313/p313_285| 
wav48/p293/p293_076| 
wav48/p249/p249_081| 
wav48/p249/p249_251| 
wav48/p304/p304_383| 
wav48/p251/p251_096| 
wav48/p316/p316_196| 
wav48/p316/p316_137| 
wav48/p323/p323_302| 
wav48/p297/p297_226| 
wav48/p251/p251_352| 
wav48/p229/p229_255| 
wav48/p229/p229_246| 
wav48/p293/p293_012| 
wav48/p316/p316_381| 
wav48/p374/p374_023| 
wav48/p229/p229_014| 
wav48/p313/p313_347| 
wav48/p301/p301_248| 
wav48/p297/p297_216| 
wav48/p374/p374_290| 
wav48/p251/p251_116| 
wav48/p323/p323_101| 
wav48/p297/p297_083| 
wav48/p297/p297_344| 
wav48/p374/p374_289| 
wav48/p297/p297_071| 
wav48/p293/p293_371| 
wav48/p313/p313_335| 
wav48/p374/p374_409| 
wav48/p304/p304_252| 
wav48/p297/p297_222| 
wav48/p323/p323_198| 
wav48/p323/p323_129| 
wav48/p297/p297_319| 
wav48/p316/p316_079| 
wav48/p229/p229_057| 
wav48/p316/p316_143| 
wav48/p316/p316_041| 
wav48/p249/p249_152| 
wav48/p297/p297_078| 
wav48/p304/p304_062| 
wav48/p374/p374_007| 
wav48/p304/p304_149| 
wav48/p249/p249_177| 
wav48/p297/p297_394| 
wav48/p297/p297_366| 
wav48/p293/p293_298| 
wav48/p323/p323_064| 
wav48/p251/p251_278| 
wav48/p229/p229_001| 
wav48/p316/p316_340| 
wav48/p251/p251_154| 
wav48/p323/p323_061| 
wav48/p374/p374_125| 
wav48/p249/p249_253| 
wav48/p297/p297_156| 
wav48/p374/p374_201| 
wav48/p297/p297_196| 
wav48/p251/p251_258| 
wav48/p251/p251_038| 
wav48/p374/p374_095| 
wav48/p293/p293_359| 
wav48/p293/p293_211| 
wav48/p374/p374_117| 
wav48/p229/p229_178| 
wav48/p304/p304_293| 
wav48/p374/p374_152| 
wav48/p293/p293_254| 
wav48/p316/p316_312| 
wav48/p374/p374_086| 
wav48/p374/p374_041| 
wav48/p313/p313_102| 
wav48/p301/p301_241| 
wav48/p374/p374_251| 
wav48/p301/p301_228| 
wav48/p304/p304_399| 
wav48/p251/p251_272| 
wav48/p249/p249_205| 
wav48/p304/p304_244| 
wav48/p251/p251_052| 
wav48/p301/p301_291| 
wav48/p301/p301_006| 
wav48/p297/p297_393| 
wav48/p293/p293_307| 
wav48/p229/p229_287| 
wav48/p374/p374_252| 
wav48/p301/p301_207| 
wav48/p251/p251_265| 
wav48/p316/p316_413| 
wav48/p229/p229_122| 
wav48/p313/p313_183| 
wav48/p301/p301_227| 
wav48/p304/p304_215| 
wav48/p316/p316_282| 
wav48/p323/p323_273| 
wav48/p374/p374_059| 
wav48/p301/p301_376| 
wav48/p293/p293_132| 
wav48/p301/p301_390| 
wav48/p316/p316_315| 
wav48/p316/p316_272| 
wav48/p323/p323_412| 
wav48/p293/p293_174| 
wav48/p301/p301_069| 
wav48/p374/p374_417| 
wav48/p229/p229_071| 
wav48/p249/p249_058| 
wav48/p316/p316_224| 
wav48/p313/p313_340| 
wav48/p293/p293_286| 
wav48/p304/p304_297| 
wav48/p297/p297_160| 
wav48/p249/p249_014| 
wav48/p374/p374_350| 
wav48/p323/p323_316| 
wav48/p313/p313_245| 
wav48/p323/p323_166| 
wav48/p301/p301_005| 
wav48/p297/p297_118| 
wav48/p249/p249_043| 
wav48/p293/p293_300| 
wav48/p293/p293_343| 
wav48/p304/p304_171| 
wav48/p374/p374_081| 
wav48/p301/p301_235| 
wav48/p301/p301_395| 
wav48/p374/p374_173| 
wav48/p251/p251_237| 
wav48/p313/p313_115| 
wav48/p251/p251_212| 
wav48/p301/p301_096| 
wav48/p229/p229_271| 
wav48/p316/p316_214| 
wav48/p293/p293_180| 
wav48/p316/p316_095| 
wav48/p297/p297_294| 
wav48/p316/p316_370| 
wav48/p316/p316_417| 
wav48/p323/p323_422| 
wav48/p249/p249_306| 
wav48/p251/p251_209| 
wav48/p251/p251_003| 
wav48/p251/p251_169| 
wav48/p313/p313_292| 
wav48/p304/p304_222| 
wav48/p297/p297_288| 
wav48/p293/p293_103| 
wav48/p293/p293_048| 
wav48/p251/p251_291| 
wav48/p316/p316_090| 
wav48/p304/p304_192| 
wav48/p374/p374_061| 
wav48/p316/p316_301| 
wav48/p251/p251_307| 
wav48/p301/p301_282| 
wav48/p304/p304_306| 
wav48/p301/p301_406| 
wav48/p293/p293_159| 
wav48/p251/p251_135| 
wav48/p313/p313_250| 
wav48/p304/p304_085| 
wav48/p374/p374_053| 
wav48/p374/p374_382| 
wav48/p301/p301_147| 
wav48/p251/p251_210| 
wav48/p374/p374_406| 
wav48/p249/p249_189| 
wav48/p313/p313_097| 
wav48/p249/p249_262| 
wav48/p374/p374_300| 
wav48/p251/p251_054| 
wav48/p229/p229_231| 
wav48/p304/p304_256| 
wav48/p304/p304_190| 
wav48/p304/p304_095| 
wav48/p249/p249_103| 
wav48/p316/p316_023| 
wav48/p251/p251_203| 
wav48/p297/p297_114| 
wav48/p374/p374_411| 
wav48/p293/p293_351| 
wav48/p316/p316_083| 
wav48/p313/p313_418| 
wav48/p293/p293_297| 
wav48/p301/p301_365| 
wav48/p374/p374_221| 
wav48/p313/p313_121| 
wav48/p297/p297_318| 
wav48/p297/p297_365| 
